Vip,FC,log2FC,ConcordGroup,logp,p,type,A,comp,log2Dry,log2Wet
1.511944214,2.488531087,1.315294409,1,4.36038755,0.048684706,up,sig,COG2015,14.02328404,12.70798963
1.824360323,2.376132349,1.248615195,1,8.353583548,0.003057178,up,sig,COG3754,14.01918696,12.77057176
1.861227062,2.331543204,1.221285163,1,9.271993988,0.001617528,up,sig,COG1848,11.56185433,10.34056917
1.805688744,2.261530954,1.177299742,1,6.442545726,0.011497422,up,sig,COG5573,13.81758893,12.64028918
1.714248006,2.25819261,1.175168544,1,7.351175563,0.006124571,up,sig,COG4577,13.7702734,12.59510486
1.867905314,2.217671738,1.149045832,1,8.209069965,0.003379276,up,sig,COG3659,13.07204124,11.9229954
1.790567858,2.200350711,1.137733492,1,8.072683126,0.003714328,up,sig,COG1373,11.72615944,10.58842595
2.049643458,2.194974448,1.134204145,1,12.37168251,0.000188692,up,sig,COG2253,12.967609,11.83340486
1.87770475,2.144242316,1.10046795,1,9.12349424,0.001792894,up,sig,COG3049,13.60462142,12.50415347
1.761871896,2.088420792,1.062412427,1,5.736461981,0.018756546,up,sig,COG1621,12.79506749,11.73265507
1.877111325,2.069225789,1.049091077,1,7.2029387,0.006787337,up,sig,COG2071,13.68978558,12.6406945
1.925785969,2.036187768,1.025870606,1,9.896667378,0.001049074,up,sig,COG3536,13.86653918,12.84066857
1.89387253,2.031221443,1.022347531,1,9.880700962,0.001060749,up,sig,COG1487,11.13833139,10.11598385
2.039780604,2.012127058,1.008721409,1,9.984756185,0.000986936,up,sig,COG5361,13.19588935,12.18716794
1.355466597,1.977161364,0.98343062,1,4.224919119,0.053477687,insig,no,COG2385,13.72609786,12.74266724
1.715273696,1.97038557,0.978477967,1,7.211973376,0.006744965,insig,no,COG4456,13.58485983,12.60638186
1.709637398,1.963421067,0.9733696,1,6.907988144,0.008326996,insig,no,COG2336,13.33066254,12.35729294
1.660852401,1.936346277,0.953336973,1,6.625167285,0.010130384,insig,no,COG1569,13.09128663,12.13794965
1.410574153,1.908519404,0.932453855,1,3.967149742,0.063939455,insig,no,COG1141,13.79528283,12.86282898
1.623493152,1.906355225,0.930816972,1,5.706471569,0.019150534,insig,no,COG4634,12.62512586,11.69430889
1.97322413,1.893375611,0.920960644,1,11.39189986,0.000372131,insig,no,COG2002,12.31612579,11.39516514
1.73799351,1.881518973,0.911897837,1,7.361302038,0.006081732,insig,no,COG0724,13.13358029,12.22168245
1.593798362,1.876776213,0.908256633,1,6.06972481,0.014887808,insig,no,COG5621,13.44839772,12.54014108
1.790258709,1.876362126,0.907938286,1,8.284738181,0.003206604,insig,no,COG4118,11.51215946,10.60422117
1.014263992,1.86351563,0.898026919,1,1.916259864,0.264940469,insig,no,COG3321,12.46499854,11.56697163
1.787615437,1.849951813,0.887487693,1,7.791389008,0.004513965,insig,no,COG2337,12.17091515,11.28342745
1.670290181,1.839813386,0.87955944,1,5.731384769,0.018822672,insig,no,COG4113,13.50465978,12.62510034
1.690059845,1.824368712,0.867397333,1,6.64419242,0.00999767,insig,no,COG3599,13.62163208,12.75423475
2.074670958,1.821728982,0.865308346,1,12.85469322,0.000135006,insig,no,COG5340,12.98350743,12.11819909
1.181584484,1.819289875,0.863375432,1,3.160935681,0.111805597,insig,no,COG1615,13.12033647,12.25696103
1.506664872,1.81907075,0.863201656,1,5.144782438,0.028266118,insig,no,COG2710,12.22199119,11.35878953
1.837002546,1.816965897,0.861531342,1,7.85249617,0.004326763,insig,no,COG2519,13.55436845,12.69283711
1.548334589,1.80691723,0.853530421,1,5.33549922,0.024765933,insig,no,COG2442,11.96727623,11.1137458
1.917440912,1.805232362,0.852184547,1,9.084685632,0.001841777,insig,no,COG3328,12.05717118,11.20498663
1.4600773,1.803409442,0.85072698,1,4.869081959,0.034218446,insig,no,COG1847,13.43938529,12.58865831
1.634135962,1.794050863,0.843220792,1,5.716787494,0.019014087,insig,no,COG3345,12.5982003,11.75497951
1.826832013,1.788398087,0.838667908,1,8.675889127,0.002445103,insig,no,COG1030,13.2116979,12.37303
1.807275973,1.786025056,0.83675232,1,7.625021185,0.005065705,insig,no,COG3119,9.430790413,8.594038093
1.952658693,1.783923177,0.835053488,1,11.27976553,0.000402209,insig,no,COG1083,12.86613197,12.03107848
1.840619218,1.781468536,0.833067003,1,7.957985713,0.004021681,insig,no,COG1778,13.72014746,12.88708046
1.60193119,1.760825928,0.816252294,1,5.978884137,0.015855376,insig,no,COG3744,11.99373575,11.17748346
1.548013248,1.75552608,0.811903429,1,5.56818174,0.021077072,insig,no,COG1837,13.60032555,12.78842212
1.576999966,1.750333115,0.807629515,1,5.898998418,0.016758091,insig,no,COG0153,13.35470787,12.54707835
1.606399168,1.748958846,0.806496343,1,5.711622529,0.019082281,insig,no,COG1669,12.20380873,11.39731238
1.430454016,1.740756801,0.79971466,1,4.683821465,0.038907134,insig,no,COG1348,13.30651731,12.50680265
1.586335795,1.737544879,0.797050242,1,4.906057634,0.033352584,insig,no,COG0279,13.36798941,12.57093917
1.799412735,1.736667838,0.796321845,1,7.50686879,0.005498033,insig,no,COG3654,13.19044679,12.39412495
1.497284704,1.733655491,0.793817237,1,4.839933637,0.034916829,insig,no,COG2929,12.91197784,12.1181606
1.502220302,1.72792194,0.789038044,1,4.793837771,0.036050479,insig,no,COG3181,10.96105194,10.17201389
1.818912478,1.725301043,0.786848116,1,8.505716594,0.002751213,insig,no,COG2089,12.35801378,11.57116566
1.826984534,1.717537655,0.780341729,1,6.574868722,0.010489802,insig,no,COG3225,13.42383417,12.64349245
1.725475436,1.716487794,0.779459598,1,6.729226923,0.009425423,insig,no,COG3549,13.14528326,12.36582366
1.493317194,1.690695165,0.757616563,1,5.118141656,0.028792929,insig,no,COG0083,13.27598204,12.51836547
1.800965241,1.689629192,0.756706666,1,7.340068979,0.006171903,insig,no,COG0205,12.46781371,11.71110704
1.006054463,1.679042292,0.74763857,1,2.471976651,0.180244026,insig,no,COG1672,11.78116934,11.03353077
1.765411275,1.674521898,0.743749243,1,7.810174864,0.004455568,insig,no,COG1482,13.02033959,12.27659034
1.861092354,1.671693841,0.741310652,1,8.575532939,0.002621243,insig,no,COG2251,13.18450079,12.44319014
2.032880621,1.671553479,0.741189512,1,10.99996682,0.000488292,insig,no,COG1134,12.16102756,11.41983805
1.783213334,1.666518368,0.736837218,1,7.981210118,0.003957458,insig,no,COG3210,9.368647131,8.631809913
1.569537325,1.66252864,0.733379194,1,5.533207239,0.021594276,insig,no,COG4115,13.67977753,12.94639834
1.497550581,1.657631896,0.729123669,1,5.098187662,0.029193932,insig,no,COG1575,13.25063103,12.52150736
1.444639843,1.65587866,0.727596959,1,4.619102625,0.040692236,insig,no,COG1165,12.9289223,12.20132534
1.825396706,1.651466065,0.723747325,1,6.782652398,0.009082767,insig,no,COG1239,12.91525723,12.19150991
1.601836934,1.643371742,0.716658865,1,5.866660062,0.017137969,insig,no,COG0447,13.05900326,12.3423444
1.9758932,1.642470695,0.71586763,1,10.89080165,0.000526674,insig,no,COG1785,12.83940131,12.12353368
1.566060205,1.635908478,0.710092038,1,5.389925229,0.023849036,insig,no,COG3329,13.10620014,12.3961081
1.854150616,1.621636654,0.697450604,1,8.992882416,0.001962785,insig,no,COG2175,13.14036921,12.4429186
1.610036922,1.621386643,0.697228163,1,5.252339913,0.026235427,insig,no,COG5426,12.96018826,12.2629601
1.493216285,1.614479347,0.691068986,1,4.692915963,0.038662642,insig,no,COG1875,12.90027263,12.20920365
1.356864084,1.6110748,0.688023478,1,4.114424493,0.057734421,insig,no,COG2815,12.67708223,11.98905876
1.550772951,1.605150988,0.68270901,1,5.598247264,0.020642374,insig,no,COG1259,13.4413001,12.75859109
1.54946495,1.603958536,0.681636847,1,5.636424571,0.02010329,insig,no,COG5512,13.38172693,12.70009008
1.756942792,1.603439121,0.681169579,1,7.82589718,0.004407276,insig,no,COG1232,12.74782403,12.06665445
1.485342038,1.597739914,0.67603258,1,5.083418029,0.029494341,insig,no,COG0001,11.54532236,10.86928978
1.402352469,1.594792245,0.673368495,1,4.382804139,0.04793409,insig,no,COG1168,13.46085601,12.78748752
1.95625843,1.590205087,0.66921284,1,10.75232809,0.000579731,insig,no,COG3177,11.98424139,11.31502855
1.779987945,1.583653959,0.66325713,1,6.762047751,0.009213418,insig,no,COG2161,12.47846094,11.81520381
1.313208304,1.579620274,0.65957779,1,3.588159225,0.083148888,insig,no,COG1724,12.98025588,12.32067809
1.689766057,1.578709208,0.658745457,1,6.288978884,0.012788768,insig,no,COG3093,12.43178007,11.77303462
1.412169345,1.576467974,0.656695862,1,3.928408584,0.065679703,insig,no,COG1657,12.11765273,11.46095687
1.515820116,1.573953199,0.654392644,1,4.990546965,0.031455433,insig,no,COG1579,13.15866681,12.50427416
1.337937758,1.572970399,0.653491522,1,3.936651586,0.065305505,insig,no,COG1169,12.95906201,12.30557049
1.529095055,1.561061876,0.642527723,1,5.127519819,0.028606369,insig,no,COG0455,13.35575102,12.7132233
1.800721798,1.556673553,0.638466431,1,7.388703405,0.005967311,insig,no,COG2944,13.38589359,12.74742715
1.964001654,1.556533165,0.638336316,1,9.129609237,0.001785311,insig,no,COG1682,12.22427433,11.58593801
1.848921612,1.554647276,0.636587293,1,8.156564429,0.003504527,insig,no,COG3550,12.51934425,11.88275696
1.848117768,1.553192219,0.635236385,1,9.109201439,0.001810744,insig,no,COG1090,12.68741408,12.05217769
1.730348149,1.546082575,0.628617374,1,6.42929221,0.011603532,insig,no,COG3886,13.5671117,12.93849432
1.64007763,1.542530312,0.62529884,1,6.388188284,0.011938883,insig,no,COG1060,13.10917747,12.48387863
1.326433371,1.541207215,0.624060845,1,3.837614604,0.069946001,insig,no,COG2331,13.02557272,12.40151188
1.887887965,1.536541681,0.619686903,1,9.40781929,0.001472191,insig,no,COG1091,11.91626949,11.29658259
1.497064825,1.535624523,0.618825505,1,4.988060916,0.031509684,insig,no,COG0613,12.31807964,11.69925414
1.919350226,1.534101932,0.617394345,1,9.39697214,0.001483302,insig,no,COG1234,12.91495637,12.29756202
1.593062499,1.529771442,0.613316121,1,5.172204828,0.027733916,insig,no,COG4102,10.89158852,10.2782724
1.722487123,1.529122322,0.61270382,1,7.431547643,0.005792703,insig,no,COG1398,12.7397296,12.12702578
1.18903736,1.528108368,0.611746857,1,3.310867642,0.100769599,insig,no,COG2361,13.03029376,12.4185469
1.644687529,1.527992569,0.611637527,1,6.450619935,0.011433256,insig,no,COG0327,13.29528618,12.68364865
1.233747531,1.526469735,0.610198986,1,2.940734814,0.130241867,insig,no,COG3651,13.20107534,12.59087635
1.808079317,1.52379035,0.607664424,1,6.211616539,0.013493267,insig,no,COG2208,12.50228905,11.89462463
1.115568225,1.517522995,0.601718378,1,2.453117937,0.182615618,insig,no,COG5524,12.84267011,12.24095173
1.64108998,1.517062532,0.601280553,1,6.210667602,0.013502145,insig,no,COG2065,12.98082256,12.37954201
1.734517612,1.5166282,0.600867454,1,7.206570944,0.00677027,insig,no,COG1640,13.49147348,12.89060602
1.53107777,1.515898147,0.600172822,1,5.149389706,0.028175994,insig,no,COG4968,12.527839,11.92766618
1.702102212,1.49964884,0.584624716,1,5.603533213,0.02056688,insig,no,COG3383,12.65889027,12.07426555
1.667770604,1.498202891,0.583233011,1,6.163954834,0.013946483,insig,no,COG1262,10.10252454,9.519291525
1.727694357,1.497965018,0.583003933,1,7.457328414,0.005690107,insig,no,COG1716,11.38255868,10.79955475
1.765837097,1.49758336,0.58263631,1,7.833605727,0.00438379,insig,no,COG1112,11.91340067,11.33076436
1.505344875,1.495020192,0.58016497,1,5.121427179,0.028727432,insig,no,COG2805,12.54791266,11.96774769
1.747863534,1.487024314,0.572428236,1,7.041425581,0.007591362,insig,no,COG0803,12.37841699,11.80598875
1.564641372,1.485244312,0.570700264,1,4.251740616,0.052492655,insig,no,COG2433,13.46747867,12.89677841
1.056426816,1.482836817,0.568359841,1,2.628811737,0.161677213,insig,no,COG0569,11.77471896,11.20635912
1.686740711,1.478324701,0.56396318,1,6.430734419,0.011591938,insig,no,COG1450,11.55126596,10.98730278
1.676877962,1.4780124,0.563658373,1,5.957512723,0.016091998,insig,no,COG1108,12.2302524,11.66659403
1.599705124,1.47715886,0.562824988,1,5.163988729,0.027892311,insig,no,COG2256,11.86089696,11.29807197
1.117147309,1.476889985,0.562562362,1,2.576620822,0.167633127,insig,no,COG1949,13.51299067,12.95042831
1.192950072,1.475384052,0.561090546,1,2.928721331,0.131330933,insig,no,COG3380,12.83271744,12.27162689
1.646686792,1.46804907,0.553900191,1,5.380196986,0.024010396,insig,no,COG0437,13.01792516,12.46402497
1.172364988,1.464748958,0.550653424,1,2.464186403,0.181219938,insig,no,COG3828,12.02969162,11.4790382
1.492530721,1.459515399,0.545489432,1,5.207205733,0.027069166,insig,no,COG0722,13.50529375,12.95980432
1.772426895,1.459238771,0.545215967,1,6.307058493,0.012629502,insig,no,COG1555,12.72055248,12.17533651
1.713434773,1.458449002,0.54443494,1,7.179621369,0.006897927,insig,no,COG0373,13.14816168,12.60372674
1.64284444,1.456077064,0.542086714,1,5.715242466,0.019034461,insig,no,COG3250,11.30899469,10.76690798
1.759820545,1.452478495,0.538516803,1,7.841297904,0.004360478,insig,no,COG2870,12.83831899,12.29980218
1.663023468,1.447654976,0.533717802,1,6.315448931,0.012556264,insig,no,COG5267,12.30291015,11.76919235
1.778261187,1.444630672,0.530700707,1,8.15691703,0.003503671,insig,no,COG1470,12.47108646,11.94038575
1.629323599,1.443205766,0.529277007,1,4.247887473,0.05263304,insig,no,COG2706,13.2859159,12.75663889
1.126515232,1.439261277,0.525328517,1,2.665577919,0.157609028,insig,no,COG1598,12.08107916,11.55575064
1.469430457,1.438827005,0.524893143,1,4.923185424,0.032958961,insig,no,COG0423,12.61975487,12.09486173
1.481075858,1.43880778,0.524873865,1,4.016658607,0.061782471,insig,no,COG3408,12.23680536,11.71193149
1.681113654,1.437669503,0.523732061,1,6.763651505,0.009203182,insig,no,COG5184,11.74999587,11.22626381
1.192801211,1.432930493,0.51896863,1,3.311176839,0.100748004,insig,no,COG4338,12.98312891,12.46416028
1.375775265,1.43071426,0.516735568,1,3.91559328,0.066265728,insig,no,COG1387,13.05037628,12.53364071
1.684567272,1.429028171,0.515034357,1,5.845418115,0.017392172,insig,no,COG4625,10.23420722,9.719172866
1.578917288,1.423320975,0.509261043,1,5.198397427,0.027234941,insig,no,COG1121,12.71921908,12.20995803
1.432486293,1.418510091,0.504376414,1,4.150385489,0.056313105,insig,no,COG1413,10.86973298,10.36535657
1.645288284,1.417381074,0.503227691,1,5.833115344,0.01754112,insig,no,COG0448,12.40181164,11.89858395
1.337558845,1.417310346,0.503155698,1,3.045939171,0.121082379,insig,no,COG4935,11.83873956,11.33558386
1.250211705,1.416489081,0.502319481,1,2.869817769,0.136803992,insig,no,COG1333,12.437401,11.93508152
1.436512501,1.414592586,0.500386605,1,4.165858579,0.055712367,insig,no,COG1042,13.12605942,12.62567281
1.259293965,1.413181221,0.498946484,2,3.015468742,0.123666895,insig,no,COG2027,12.61990743,12.12096095
1.060447446,1.409771732,0.495461583,2,2.565947959,0.168877852,insig,no,COG3449,12.83846691,12.34300533
1.487896759,1.409077718,0.494751186,2,4.35419721,0.048894052,insig,no,COG2010,9.096881052,8.602129867
1.451356576,1.407672436,0.493311659,2,4.749222236,0.037182762,insig,no,COG0562,13.34776971,12.85445805
1.501672565,1.404379687,0.489933034,2,4.788143154,0.036193059,insig,no,COG2152,13.09211784,12.60218481
1.563118059,1.402132149,0.487622328,2,4.995197272,0.031354205,insig,no,COG5012,13.06040258,12.57278025
1.571595548,1.398736088,0.484123782,2,4.684615008,0.03888574,insig,no,COG0005,12.15073094,11.66660716
1.511226138,1.395545444,0.480829105,2,4.6918653,0.038690809,insig,no,COG2314,13.47361319,12.99278408
1.376904084,1.393615755,0.478832839,2,3.666942716,0.07873,insig,no,COG1274,12.4682224,11.98938956
1.5628815,1.390708679,0.475820241,2,5.435166568,0.023112761,insig,no,COG4096,12.80684548,12.33102524
1.747411223,1.389857312,0.474936778,2,7.102296844,0.007277725,insig,no,COG1989,12.46658181,11.99164503
1.732377438,1.389419784,0.474482545,2,6.055144279,0.015039034,insig,no,COG3468,11.94089615,11.46641361
1.492508843,1.384864003,0.469744307,2,4.394909512,0.047533567,insig,no,COG1092,12.11107557,11.64133126
1.276706013,1.381034066,0.465748907,2,3.404939669,0.094408484,insig,no,COG2309,13.28551827,12.81976936
1.268985186,1.379390036,0.464030451,2,3.505632213,0.088043956,insig,no,COG1190,12.07403164,11.61000119
1.457832399,1.378516795,0.463116845,2,4.835053437,0.035035142,insig,no,COG0274,12.86227026,12.39915342
1.532019935,1.378095296,0.462675654,2,4.749258092,0.037181838,insig,no,COG0811,10.87271798,10.41004233
1.502838388,1.377015711,0.461545019,2,4.572481443,0.042028697,insig,no,COG2274,12.52584844,12.06430342
0.575516831,1.376248719,0.460741221,2,1.043006517,0.485315043,insig,no,COG2801,8.686438989,8.225697768
1.341249467,1.373789888,0.45816137,2,3.212857211,0.107853342,insig,no,COG3668,11.59965649,11.14149512
1.367420583,1.373597886,0.457959724,2,3.525657333,0.086830317,insig,no,COG3440,13.17243138,12.71447166
1.508375967,1.372507927,0.456814481,2,5.198643059,0.027230305,insig,no,COG1562,11.34510855,10.88829407
1.762330521,1.370671992,0.454883369,2,7.810255368,0.00445532,insig,no,COG1208,11.0661681,10.61128473
1.479571125,1.369793329,0.453958239,2,5.093917381,0.029280472,insig,no,COG0515,9.860004042,9.406045803
1.431563897,1.369101093,0.453228978,2,4.642953499,0.040025036,insig,no,COG4972,13.50866619,13.05543721
1.979962104,1.368573654,0.45267308,2,10.89454831,0.000525308,insig,no,COG2931,9.318221096,8.865548016
1.805938325,1.368056014,0.452127302,2,7.836805162,0.004374079,insig,no,COG1429,12.45112086,11.99899356
1.185764664,1.367567447,0.451611987,2,3.192646196,0.109374915,insig,no,COG4270,13.31179757,12.86018558
1.544810731,1.367286033,0.451315083,2,4.77386311,0.036553083,insig,no,COG0530,12.69456899,12.24325391
0.557142855,1.364258532,0.448117066,2,1.055050585,0.481280346,insig,no,COG5421,13.03183221,12.58371515
1.093407926,1.363072148,0.446861927,2,2.412739238,0.187798932,insig,no,COG5285,12.39064238,11.94378045
1.397296269,1.357337067,0.440779029,2,4.509834659,0.043893933,insig,no,COG3147,13.42624607,12.98546704
1.841978011,1.355652292,0.438987192,2,8.874916651,0.002130021,insig,no,COG1898,11.86899242,11.43000522
1.335180964,1.354241115,0.437484625,2,3.881313999,0.067859095,insig,no,COG2804,11.2668717,10.82938708
1.535050997,1.35335693,0.436542381,2,4.23689672,0.05303554,insig,no,COG0421,12.95874038,12.522198
1.146593005,1.35149093,0.43455183,2,2.946036199,0.129764153,insig,no,COG2165,10.5689365,10.13438467
1.651288459,1.351184363,0.434224537,2,5.580955208,0.020891281,insig,no,COG1075,12.22322957,11.78900503
1.339743772,1.350158108,0.433128362,2,3.222164642,0.107159775,insig,no,COG4225,13.19844747,12.7653191
1.748824193,1.349032076,0.431924652,2,6.421618475,0.011665416,insig,no,COG2304,10.0667674,9.634842747
1.471048366,1.34894107,0.431827324,2,4.591763952,0.041470695,insig,no,COG1703,12.99147466,12.55964734
1.569178517,1.347492543,0.430277289,2,5.142554652,0.0283098,insig,no,COG0241,12.80230204,12.37202475
1.622175381,1.34667868,0.429405662,2,6.346729623,0.012286948,insig,no,COG1178,11.62332329,11.19391763
0.8872325,1.346448933,0.429159514,2,1.917983748,0.26462408,insig,no,COG1316,12.71868217,12.28952265
0.864839034,1.345092102,0.427704962,2,1.8674358,0.274060098,insig,no,COG3385,11.16967033,10.74196537
1.370310179,1.344377287,0.426938073,2,4.098441479,0.058377592,insig,no,COG2319,11.81442316,11.38748509
1.284859701,1.342733548,0.425173045,2,3.430875382,0.092726443,insig,no,COG2333,12.56032686,12.13515381
1.142172229,1.342396533,0.424810895,2,2.512507107,0.175250795,insig,no,COG2026,12.49033078,12.06551989
1.512432427,1.341493694,0.423840273,2,5.058156522,0.030015333,insig,no,COG0116,13.41833051,12.99449023
1.86271649,1.341375663,0.423713333,2,9.013023846,0.001935573,insig,no,COG1807,10.85550337,10.43179004
1.80928403,1.338933788,0.421084619,2,7.527944221,0.005418299,insig,no,COG4222,13.11241901,12.69133439
1.725358157,1.338156599,0.420246958,2,6.912567093,0.008300609,insig,no,COG0399,10.32071978,9.900472826
1.581079812,1.333270743,0.414969774,2,5.550874555,0.021331444,insig,no,COG1189,12.5737474,12.15877763
1.630698694,1.333015777,0.414693856,2,5.42152964,0.023332268,insig,no,COG2374,11.4488332,11.03413935
1.849539404,1.331897658,0.413483231,2,7.931040769,0.004097499,insig,no,COG1404,10.01714218,9.603658944
1.730271621,1.331185833,0.412711985,2,5.825567499,0.017633131,insig,no,COG1088,11.62568466,11.21297268
1.512030901,1.327537498,0.408752613,2,5.316665819,0.025091355,insig,no,COG3011,12.11064675,11.70189413
0.885013862,1.327468575,0.408677709,2,1.945183171,0.259681803,insig,no,COG0076,12.74363459,12.33495688
1.511685579,1.325364984,0.40638971,2,4.530519867,0.043269076,insig,no,COG1233,10.45075777,10.04436806
1.756235899,1.324520601,0.405470283,2,7.675091491,0.00489291,insig,no,COG4932,10.81398624,10.40851596
1.629721358,1.324472489,0.405417877,2,5.025752155,0.030697135,insig,no,COG1729,11.66467992,11.25926204
0.895011723,1.323798734,0.404683796,2,1.7853894,0.290097667,insig,no,COG2853,13.43643627,13.03175247
1.382842774,1.322783463,0.403576915,2,3.950045445,0.06470202,insig,no,COG0848,10.66381743,10.26024052
1.808874233,1.322618782,0.403397294,2,7.41608904,0.005855106,insig,no,COG3620,13.23291668,12.82951939
0.887550581,1.322205521,0.402946444,2,1.616173075,0.326199601,insig,no,COG3369,13.38613143,12.98318498
1.86336669,1.319477259,0.399966486,2,8.221653535,0.00334993,insig,no,COG0058,12.60135977,12.20139328
1.029420224,1.3186774,0.399091669,2,2.586978107,0.166433977,insig,no,COG3917,12.42589196,12.0268003
1.382315537,1.31618907,0.396366747,2,3.609229525,0.081943338,insig,no,COG3746,13.211895,12.81552826
1.57213972,1.315843685,0.395988115,2,4.271320788,0.051785041,insig,no,COG1331,12.67777024,12.28178212
1.287978193,1.315688179,0.395817608,2,3.732956893,0.075208686,insig,no,COG0631,12.14006182,11.74424421
1.062812893,1.312914948,0.39277346,2,2.250714466,0.21012002,insig,no,COG2865,13.07948731,12.68671385
1.472311026,1.309829286,0.389378794,2,4.253046567,0.052445159,insig,no,COG4447,11.55584098,11.16646219
1.242383161,1.308824488,0.388271647,2,3.414835208,0.093763146,insig,no,COG3662,12.99269001,12.60441836
1.450648607,1.306687384,0.385914028,2,4.462459838,0.045359236,insig,no,COG5492,11.11822987,10.73231584
1.306985171,1.305173762,0.384241891,2,3.210395791,0.108037511,insig,no,COG3540,11.36081042,10.97656853
1.457480245,1.304441038,0.383431734,2,4.940169379,0.032573231,insig,no,COG0611,12.30659185,11.92316012
1.716401784,1.302387815,0.381159107,2,7.298014936,0.006354459,insig,no,COG1985,11.63709026,11.25593115
0.831728753,1.301107187,0.379739818,2,1.243521851,0.422340396,insig,no,COG2130,12.54880277,12.16906295
0.784761811,1.300136979,0.37866363,2,1.298480349,0.406554213,insig,no,COG4448,12.97443634,12.59577271
1.720353435,1.299542769,0.378004115,2,7.415650021,0.005856888,insig,no,COG2887,11.29667332,10.9186692
1.161780596,1.298742847,0.377115803,2,3.094776349,0.117052175,insig,no,COG0362,13.17299355,12.79587775
1.204361681,1.297866479,0.37614197,2,2.668631713,0.157275765,insig,no,COG0415,10.66569243,10.28955046
1.517926409,1.296958276,0.375132068,2,3.679640101,0.078040125,insig,no,COG2373,11.35622522,10.98109316
1.229922624,1.296716999,0.374863654,2,2.735861724,0.150114816,insig,no,COG2133,9.729107258,9.354243604
1.306353564,1.295079905,0.373041113,2,3.76019809,0.073801907,insig,no,COG3844,12.9588851,12.58584399
1.166539524,1.294096516,0.37194522,2,2.757883588,0.147840804,insig,no,COG3344,12.18029768,11.80835246
1.668571093,1.293691225,0.37149332,2,5.556878366,0.021242857,insig,no,COG0709,13.31122263,12.93972931
1.144187628,1.292004711,0.369611331,2,2.357555045,0.19512154,insig,no,COG2993,12.8349525,12.46534117
0.942230386,1.29187588,0.369467466,2,2.063102333,0.23930089,insig,no,COG0075,12.42195031,12.05248284
1.590846608,1.290990982,0.368478922,2,6.018084695,0.015430358,insig,no,COG0787,11.59378702,11.2253081
1.539842558,1.288015371,0.365149811,2,4.40522873,0.047194785,insig,no,COG5276,12.44578272,12.08063291
1.74605262,1.286600954,0.363564664,2,6.922377623,0.008244355,insig,no,COG0758,11.91415882,11.55059416
1.817410648,1.286402987,0.363342661,2,8.241520366,0.003304115,insig,no,COG0265,9.793074045,9.429731384
1.082964339,1.285946083,0.362830155,2,2.386232734,0.191281237,insig,no,COG1660,13.1173181,12.75448794
1.336137605,1.285682574,0.362534496,2,3.958334876,0.064331321,insig,no,COG1162,12.55061233,12.18807784
1.277107404,1.283004929,0.359526713,2,3.380659379,0.096010807,insig,no,COG1321,13.18733749,12.82781078
1.11614523,1.280951745,0.357216129,2,2.092169097,0.234527809,insig,no,COG3609,12.63409282,12.2768767
0.822856737,1.280366628,0.356556979,2,1.727618531,0.301949977,insig,no,COG2345,13.32335959,12.96680261
1.137066969,1.280122441,0.356281807,2,2.704975812,0.153363193,insig,no,COG0575,12.86118139,12.50489958
1.018995729,1.278249681,0.354169666,2,2.503096638,0.176397664,insig,no,COG0160,11.87569399,11.52152433
1.422262763,1.278090876,0.353990419,2,3.907469563,0.066639918,insig,no,COG1649,13.0664292,12.71243878
1.52501889,1.276353285,0.352027711,2,5.07648282,0.029636465,insig,no,COG0579,12.28450163,11.93247392
1.04548164,1.274641108,0.350091094,2,2.193813573,0.218572898,insig,no,COG3428,12.88576742,12.53567632
1.853582362,1.27452206,0.349956344,2,6.719089619,0.009491885,insig,no,COG1565,12.33711855,11.98716221
1.1116393,1.274069693,0.349444196,2,2.477430785,0.179563897,insig,no,COG3046,11.56074867,11.21130447
1.800878875,1.27362394,0.348939359,2,5.730329209,0.018836449,insig,no,COG1708,12.13206287,11.78312351
1.302071507,1.272696593,0.347888526,2,3.010946092,0.124055182,insig,no,COG1520,10.31895436,9.971065837
1.124738812,1.272255835,0.347388808,2,2.685283572,0.155470895,insig,no,COG1216,9.178467173,8.831078365
1.044209018,1.272156617,0.347276293,2,2.638456238,0.160599996,insig,no,COG4654,12.77982338,12.43254709
1.235389948,1.271478994,0.346507628,2,3.470581786,0.090209189,insig,no,COG0463,10.05523059,9.708722962
1.509733236,1.27100339,0.345967878,2,5.013911758,0.030950108,insig,no,COG0580,12.07797206,11.73200419
1.253717311,1.267312188,0.34177196,2,3.499230105,0.088435529,insig,no,COG0295,12.9929205,12.65114854
1.296858623,1.266583155,0.340941797,2,3.648559006,0.079739645,insig,no,COG0464,12.15224449,11.81130269
1.507072224,1.266543921,0.340897107,2,5.019146267,0.030838015,insig,no,COG0020,11.65384599,11.31294888
1.011627297,1.266411161,0.340745875,2,2.292801378,0.204078856,insig,no,COG3152,12.47156982,12.13082395
1.103882188,1.265872477,0.340132076,2,2.283853771,0.205348488,insig,no,COG3173,11.58618373,11.24605165
1.302394145,1.265786256,0.340033808,2,3.4208557,0.09337268,insig,no,COG1070,11.89448731,11.5544535
1.167925495,1.265601994,0.339823778,2,2.630440849,0.161494748,insig,no,COG1459,11.6830195,11.34319572
1.454850348,1.264867346,0.338986089,2,4.806921214,0.035725024,insig,no,COG2172,13.43644267,13.09745658
0.77512129,1.264487917,0.338553252,2,1.647760431,0.319135182,insig,no,COG3427,13.33698121,12.99842795
1.476741451,1.26296146,0.336810615,2,4.825739131,0.035262067,insig,no,COG0230,12.36035291,12.0235423
0.811742444,1.262584396,0.336379827,2,1.499495319,0.353677092,insig,no,COG1951,12.92161906,12.58523923
1.230558468,1.261904973,0.335603273,2,2.444770279,0.183675323,insig,no,COG1082,10.43457103,10.09896776
1.45060496,1.261492133,0.335131209,2,4.332711391,0.049627673,insig,no,COG0392,12.42869222,12.09356101
0.716088303,1.259843219,0.333244209,2,1.33153293,0.397345819,insig,no,COG3914,12.40280036,12.06955615
1.532835297,1.259576849,0.332939146,2,4.274422652,0.05167382,insig,no,COG0644,11.06829167,10.73535252
1.454433806,1.258825218,0.332077985,2,4.879235925,0.033978455,insig,no,COG0038,12.97714424,12.64506625
1.186709019,1.258674351,0.331905072,2,3.069989865,0.119080586,insig,no,COG1479,12.53780746,12.20590238
1.401601746,1.25659351,0.329518034,2,4.251979587,0.052483961,insig,no,COG3415,12.30046138,11.97094334
1.438169451,1.256414836,0.329312883,2,4.783811287,0.036301896,insig,no,COG0382,11.19078467,10.86147178
0.82180424,1.256401766,0.329297876,2,1.726185727,0.302250006,insig,no,COG0162,11.39214141,11.06284353
0.996700002,1.25629258,0.329172495,2,1.624024191,0.324429252,insig,no,COG0619,12.90538821,12.57621571
1.569494007,1.255178748,0.327892831,2,5.198541375,0.027232224,insig,no,COG1977,13.00668245,12.67878962
1.180053046,1.255070113,0.327767961,2,3.149710989,0.112678878,insig,no,COG1191,13.04116565,12.71339769
1.3183674,1.254772693,0.327426038,2,3.933374327,0.065454023,insig,no,COG0472,10.94913222,10.62170618
0.910827142,1.254193896,0.326760403,2,1.388035663,0.382084685,insig,no,COG4704,12.48366708,12.15690668
1.135461718,1.253372648,0.325815415,2,2.504183257,0.176264854,insig,no,COG1975,13.07627149,12.75045608
0.975749211,1.252370462,0.324661387,2,2.099431608,0.233350165,insig,no,COG1089,11.57952249,11.25486111
1.687991497,1.250629149,0.322654048,2,5.897356405,0.016777175,insig,no,COG2062,12.14929893,11.82664489
1.160238986,1.250510388,0.322517042,2,2.914588638,0.132623778,insig,no,COG2064,12.37027299,12.04775594
1.267116879,1.250414283,0.322406163,2,2.989873019,0.125880523,insig,no,COG3209,10.10509222,9.782686056
1.269640563,1.247883601,0.319483369,2,3.611778592,0.081798682,insig,no,COG2356,12.79959023,12.48010686
0.955329526,1.246431447,0.317803538,2,2.279997119,0.205898166,insig,no,COG2055,13.1401035,12.82229996
1.418328045,1.246125872,0.317449803,2,4.515873558,0.043710583,insig,no,COG0498,11.58422979,11.26677999
1.513059291,1.245867916,0.317151125,2,5.314905615,0.025121987,insig,no,COG1560,11.92071713,11.60356601
0.774805985,1.2456926,0.316948097,2,1.352053001,0.391734202,insig,no,COG1838,12.88990942,12.57296132
1.586015373,1.243071679,0.313909488,2,5.690548917,0.019363064,insig,no,COG0707,11.40530566,11.09139617
1.464226408,1.241115154,0.311636979,2,4.975298477,0.031789663,insig,no,COG0546,11.02313151,10.71149453
1.715645111,1.240932686,0.311424859,2,6.369055727,0.012098267,insig,no,COG1266,11.64540266,11.33397781
0.403903112,1.240882532,0.311366549,2,0.574349269,0.671589105,insig,no,COG5464,11.80530704,11.49394049
1.368129899,1.240555259,0.310986,2,3.789718055,0.072307141,insig,no,COG1205,13.33069524,13.01970924
1.28398392,1.240498733,0.310920261,2,3.694415846,0.077244935,insig,no,COG0035,12.75862308,12.44770282
0.829691806,1.240290158,0.31067767,2,1.8415707,0.279017845,insig,no,COG1038,12.88796159,12.57728392
1.779548149,1.240275939,0.31066113,2,7.293370989,0.006374947,insig,no,COG1209,11.71278353,11.4021224
1.040663164,1.238661845,0.308782385,2,2.569322707,0.168483275,insig,no,COG0297,11.86487444,11.55609205
1.449205533,1.238282549,0.308340544,2,4.673708589,0.03918082,insig,no,COG0245,11.99990206,11.69156151
1.492157032,1.237416325,0.307330972,2,4.405847293,0.047174555,insig,no,COG0548,11.52076194,11.21343097
1.371815622,1.236853797,0.306674976,2,3.816744048,0.07096522,insig,no,COG0617,11.42483494,11.11815996
1.507987199,1.23675561,0.306560444,2,4.883240119,0.033884279,insig,no,COG0610,12.03723825,11.73067781
0.979906566,1.23567453,0.305298796,2,1.767012975,0.29381644,insig,no,COG1122,12.51483859,12.20953979
1.137606421,1.234617549,0.304064203,2,1.937426908,0.261081673,insig,no,COG3653,12.86568826,12.56162406
1.119997565,1.234577727,0.304017669,2,2.539929684,0.171951108,insig,no,COG1277,11.58539971,11.28138204
1.415101624,1.234472607,0.303894823,2,3.703142041,0.076779127,insig,no,COG4948,10.69167175,10.38777692
1.098731702,1.233199253,0.302405921,2,2.346793574,0.196582449,insig,no,COG0247,10.99594146,10.69353554
0.768013535,1.232785961,0.301922338,2,1.286809984,0.409856282,insig,no,COG3156,13.08656284,12.78464051
1.215124087,1.232554859,0.30165186,2,2.781323931,0.145458153,insig,no,COG2017,12.08792509,11.78627323
1.12996612,1.231733628,0.300690296,2,2.787138587,0.144873077,insig,no,COG0406,10.81740876,10.51671846
0.949541171,1.231347472,0.300237932,2,2.247162337,0.210638004,insig,no,COG1943,11.21458385,10.91434591
1.491601728,1.229438903,0.298000042,2,4.820535555,0.035389482,insig,no,COG0117,11.87699898,11.57899894
1.222136492,1.228716178,0.297151705,2,2.94938934,0.129462903,insig,no,COG2270,11.94987686,11.65272515
1.510784733,1.22788214,0.296172088,2,5.279956171,0.025738001,insig,no,COG1214,12.14481671,11.84864462
1.381806771,1.227034976,0.295176373,2,4.404823607,0.04720804,insig,no,COG1388,11.13265617,10.8374798
1.055219653,1.22641917,0.294452152,2,2.42154663,0.186655946,insig,no,COG3258,13.17217302,12.87772086
1.305357978,1.226104351,0.294081768,2,3.87030879,0.068378719,insig,no,COG0237,11.68056153,11.38647976
1.381823365,1.225686212,0.293589682,2,4.225333186,0.053462341,insig,no,COG2265,11.55502465,11.26143497
0.939012831,1.225292464,0.293126146,2,2.238579113,0.211894917,insig,no,COG1032,12.29148563,11.99835948
1.728064933,1.225049888,0.292840502,2,7.258499608,0.006530913,insig,no,COG1057,11.76292553,11.47008503
0.966914561,1.22497665,0.292754249,2,1.603481431,0.329081897,insig,no,COG2350,13.34444065,13.0516864
0.623467592,1.224542484,0.292242828,2,0.722732865,0.60594852,insig,no,COG1462,12.99430422,12.7020614
1.345021862,1.223059471,0.290494556,2,3.973131676,0.063674888,insig,no,COG0646,11.20479592,10.91430137
1.574724187,1.221354762,0.288482315,2,5.791288245,0.018057122,insig,no,COG0275,11.66562166,11.37713934
1.61127878,1.219308217,0.286062857,2,5.203894311,0.02713137,insig,no,COG0860,11.70282586,11.41676301
0.921005241,1.21820176,0.284753093,2,2.025203762,0.245670449,insig,no,COG3255,12.94797523,12.66322214
1.677420185,1.21817474,0.284721095,2,6.738990664,0.00936185,insig,no,COG1225,10.64802455,10.36330346
1.325035465,1.216591447,0.282844766,2,2.822461501,0.141369078,insig,no,COG4188,13.23782516,12.95498039
1.431025983,1.216182905,0.282360216,2,4.493748149,0.044386103,insig,no,COG0689,11.82378133,11.54142111
1.130406643,1.21593318,0.282063949,2,2.321218477,0.200098398,insig,no,COG3905,13.3416583,13.05959435
1.597182516,1.215736322,0.28183036,2,5.047931343,0.030228824,insig,no,COG2755,10.05485488,9.773024517
1.834083973,1.214123376,0.279915032,2,8.370492678,0.003021556,insig,no,COG0705,11.3245098,11.04459477
1.091395557,1.2136148,0.279310585,2,2.711005676,0.152723537,insig,no,COG1748,12.15806008,11.8787495
1.446459542,1.213441341,0.279104369,2,4.803911494,0.03579963,insig,no,COG2227,10.52974102,10.25063665
1.330616221,1.21318658,0.278801444,2,3.696976071,0.077107977,insig,no,COG1664,12.43359222,12.15479078
1.433289449,1.21245821,0.277935023,2,2.893865585,0.13454255,insig,no,COG1361,11.23316115,10.95522613
1.12798659,1.212098274,0.277506674,2,2.820711329,0.141540681,insig,no,COG2059,12.10861158,11.83110491
1.017780717,1.210889495,0.276067211,2,1.805915989,0.285999397,insig,no,COG3436,12.57563082,12.29956361
1.568040937,1.21079656,0.275956482,2,5.382133969,0.023978181,insig,no,COG0438,8.114880873,7.838924391
0.779797502,1.210071241,0.275091987,2,1.003529399,0.498778299,insig,no,COG1666,12.49889973,12.22380775
0.792137617,1.210048278,0.275064608,2,1.673905405,0.313403804,insig,no,COG2120,11.75956318,11.48449857
1.719457387,1.208620167,0.27336092,2,6.260120289,0.013047161,insig,no,COG1215,9.725777763,9.452416843
1.077611766,1.207353365,0.271847982,2,2.479402239,0.179318689,insig,no,COG1816,12.44745945,12.17561146
1.097084555,1.207231238,0.271702043,2,2.706567084,0.153194129,insig,no,COG0191,12.09058299,11.81888095
1.326276223,1.206206141,0.270476485,2,2.938802564,0.130416421,insig,no,COG4372,12.51394724,12.24347076
0.876350196,1.205591757,0.269741458,2,1.647834526,0.319118792,insig,no,COG3291,9.15130769,8.881566231
1.582792122,1.203321603,0.267022273,2,5.799311777,0.017956976,insig,no,COG0337,11.68119624,11.41417397
1.383012825,1.202670438,0.266241361,2,3.764265622,0.073594123,insig,no,COG1143,11.70695424,11.44071288
1.436358182,1.20253849,0.266083071,2,4.651193223,0.039797091,insig,no,COG0107,11.72610079,11.46001772
1.438540997,1.201937845,0.265362292,2,4.760488383,0.036893529,insig,no,COG0266,11.57332002,11.30795772
1.056235004,1.201011544,0.264250018,2,2.349089974,0.196269789,insig,no,COG1127,12.12208724,11.85783722
1.324436657,1.200789463,0.263983222,2,3.518075129,0.087287863,insig,no,COG0009,11.50453486,11.24055164
0.970040812,1.199937492,0.262959254,2,1.350643254,0.392117177,insig,no,COG3618,12.80081475,12.5378555
0.930649858,1.199740703,0.262722633,2,1.134270811,0.455565117,insig,no,COG4608,12.05919657,11.79647394
0.709923889,1.199430586,0.262349668,2,1.086502683,0.47090153,insig,no,COG2365,12.34881839,12.08646873
1.150363495,1.19904897,0.26189058,2,2.923180276,0.131836315,insig,no,COG1366,12.02801445,11.76612387
1.003593402,1.198302123,0.260991695,2,2.399282151,0.189558867,insig,no,COG3638,12.51957634,12.25858464
0.77089278,1.197997239,0.260624584,2,1.15724839,0.448366877,insig,no,COG2609,11.65920379,11.39857921
1.499118091,1.197928947,0.26054234,2,5.220141281,0.026827543,insig,no,COG0118,11.82296989,11.56242755
0.905693654,1.197568929,0.260108697,2,1.523897659,0.34774516,insig,no,COG2409,11.83083896,11.57073026
1.344111278,1.196988607,0.259409421,2,3.935231466,0.06536982,insig,no,COG0528,11.95754525,11.69813583
1.304615403,1.196636051,0.258984433,2,2.718294008,0.15195394,insig,no,COG1819,13.29853849,13.03955405
1.420018975,1.19583055,0.258012973,2,4.394807046,0.047536943,insig,no,COG0461,11.81027336,11.55226039
1.626272713,1.195044124,0.257063887,2,6.223633125,0.013381344,insig,no,COG0340,12.14610302,11.88903914
1.276468397,1.194960677,0.256963143,2,3.462912152,0.090690035,insig,no,COG0125,11.91372681,11.65676367
1.592829402,1.194201242,0.256045975,2,6.025037144,0.015356176,insig,no,COG0816,11.99267355,11.73662757
0.652098537,1.193549211,0.255258051,2,1.006868681,0.497625154,insig,no,COG3164,13.37777495,13.1225169
1.321058629,1.19325618,0.254903808,2,3.744580724,0.074605163,insig,no,COG0239,12.04178355,11.78687974
1.376553997,1.193099416,0.254714262,2,4.354910733,0.048869876,insig,no,COG0347,11.30419374,11.04947947
1.28122338,1.191981332,0.253361642,2,3.629151301,0.080819582,insig,no,COG0852,12.00531765,11.75195601
1.154123406,1.191275223,0.252506761,2,2.077686598,0.236893973,insig,no,COG2091,13.32407846,13.0715717
0.909499769,1.19043408,0.251487733,2,2.021485068,0.246304507,insig,no,COG2146,11.88756469,11.63607695
1.000909295,1.190183019,0.25118344,2,2.207231851,0.21654941,insig,no,COG2211,10.56743173,10.31624829
0.79160399,1.190047585,0.251019263,2,1.503876922,0.35260457,insig,no,COG1529,11.46870235,11.21768308
1.668229276,1.189550171,0.250416121,2,4.954089845,0.032260445,insig,no,COG0457,8.275351097,8.024934977
1.191419032,1.189268916,0.250074972,2,3.001144736,0.124900856,insig,no,COG1840,11.62711685,11.37704188
1.258210099,1.188918725,0.249650095,3,3.413551156,0.093846636,insig,no,COG1211,11.898411,11.64876091
1.568744344,1.188572199,0.249229542,3,5.716031079,0.019024059,insig,no,COG0590,11.60147991,11.35225037
0.955640883,1.187060786,0.247393813,3,1.472766083,0.36029085,insig,no,COG1721,11.79298957,11.54559576
0.992604655,1.186979122,0.247294559,3,2.279596211,0.20595539,insig,no,COG0558,11.16769627,10.92040171
1.440313469,1.186888267,0.247184127,3,2.9806493,0.126687905,insig,no,COG1002,11.71029564,11.46311151
1.030522561,1.186833182,0.247117169,3,2.236008082,0.212272872,insig,no,COG0727,12.39944178,12.15232461
1.444548711,1.186506472,0.24671997,3,4.447558693,0.045830166,insig,no,COG1181,11.41015186,11.16343189
1.515733775,1.186447239,0.246647945,3,4.966245733,0.031989766,insig,no,COG0607,10.26217466,10.01552671
1.139182793,1.186301415,0.246470616,3,2.329581028,0.198941887,insig,no,COG0577,10.5058529,10.25938228
1.390683812,1.185718784,0.245761888,3,4.377653699,0.048105521,insig,no,COG1200,11.25770196,11.01194007
1.606123761,1.185490384,0.245483961,3,5.328770269,0.024881715,insig,no,COG0250,11.43260212,11.18711816
1.438407955,1.185340238,0.245301227,3,4.565333283,0.042237455,insig,no,COG0167,11.4924641,11.24716287
1.01930112,1.185001688,0.244889114,3,2.454940068,0.182385119,insig,no,COG3221,12.17500558,11.93011646
1.489034183,1.184527858,0.244312129,3,4.873977339,0.034102532,insig,no,COG1212,12.26711702,12.02280489
1.192407804,1.184381247,0.244133552,3,3.119811413,0.115038493,insig,no,COG1408,12.71063697,12.46650342
1.189022028,1.183690846,0.24329233,3,3.197925618,0.108975398,insig,no,COG0403,11.45068064,11.20738831
1.072411431,1.183571472,0.243146828,3,2.437565489,0.184594889,insig,no,COG1061,11.0685011,10.82535427
1.350268422,1.183376391,0.242909018,3,4.048653327,0.0604274,insig,no,COG0354,12.13395114,11.89104212
0.964919844,1.182852275,0.242269908,3,1.652044954,0.318188819,insig,no,COG2360,12.80546298,12.56319307
1.290932338,1.182175037,0.241443662,3,3.678870285,0.078081778,insig,no,COG0222,11.65885761,11.41741395
1.238246053,1.181962164,0.241183854,3,3.327437605,0.099618838,insig,no,COG0632,12.09830907,11.85712522
1.348998898,1.181862759,0.241062516,3,3.744288951,0.074620252,insig,no,COG1104,11.225391,10.98432848
1.281508123,1.18105944,0.240081574,3,3.304944027,0.101184203,insig,no,COG0101,11.74748469,11.50740312
1.011093697,1.18099335,0.240000841,3,2.334272462,0.198296008,insig,no,COG4886,11.4713912,11.23139036
1.474623599,1.180752056,0.239706048,3,4.386874029,0.047799057,insig,no,COG0235,11.85292885,11.6132228
1.270715308,1.180385561,0.239258178,3,3.49993639,0.088392245,insig,no,COG1947,11.94365656,11.70439838
1.412622047,1.180131485,0.238947607,3,4.337271426,0.049471058,insig,no,COG0142,10.57539262,10.33644501
1.40818579,1.179606827,0.238306078,3,4.359792866,0.048704778,insig,no,COG0259,11.9054358,11.66712972
1.106539499,1.179095266,0.237680287,3,2.919978907,0.132129187,insig,no,COG1252,11.83615256,11.59847227
0.827439278,1.178234111,0.236626226,3,1.852694312,0.276874806,insig,no,COG3335,11.8916088,11.65498258
0.937448221,1.178200215,0.236584722,3,1.42993399,0.371147874,insig,no,COG2072,11.3087502,11.07216548
0.709945238,1.178129419,0.236498029,3,0.830066682,0.562503243,insig,no,COG3932,12.77170329,12.53520526
1.041031431,1.177776362,0.236065624,3,2.213142707,0.215664002,insig,no,COG1858,12.69631827,12.46025265
1.386030085,1.17741388,0.23562154,3,4.26233452,0.052108606,insig,no,COG1385,11.83980633,11.60418479
1.549658215,1.176410887,0.234392041,3,5.466483528,0.022616453,insig,no,COG0030,11.60509054,11.3706985
1.456597842,1.176278014,0.234229082,3,4.338978954,0.049412541,insig,no,COG0755,11.59785146,11.36362238
1.203481631,1.174227148,0.231711517,3,2.845239416,0.139154608,insig,no,COG0077,11.78149231,11.54978079
1.083671129,1.174081647,0.231532739,3,2.114124624,0.230985689,insig,no,COG0287,11.96797423,11.73644149
0.694876584,1.173450716,0.230757251,3,1.453916743,0.365029068,insig,no,COG3347,13.34550343,13.11474618
1.337196375,1.173224244,0.230478788,3,3.992585958,0.062822016,insig,no,COG0524,10.25437431,10.02389552
1.01431852,1.17273406,0.229875892,3,2.396996722,0.189859393,insig,no,COG0658,11.82215472,11.59227883
0.467268158,1.172544032,0.229642101,3,0.674597771,0.626506867,insig,no,COG0047,9.096699214,8.867057112
0.841642193,1.172377111,0.229436707,3,1.457367984,0.364156882,insig,no,COG1345,11.86089803,11.63146132
0.556226514,1.171925323,0.228880642,3,1.065573435,0.477782715,insig,no,COG1276,12.84150698,12.61262633
1.409242892,1.171802727,0.228729712,3,4.368122249,0.048424392,insig,no,COG0256,11.88567133,11.65694162
1.500880369,1.171627043,0.228513398,3,5.018429393,0.030853343,insig,no,COG0319,12.03106278,11.80254938
0.743665127,1.171333091,0.228151392,3,1.246269223,0.421536884,insig,no,COG2862,12.77616945,12.54801806
0.667162987,1.170992547,0.227731893,3,1.235129234,0.424804445,insig,no,COG2863,12.63079322,12.40306132
1.481276097,1.170964866,0.22769779,3,4.596046803,0.041347766,insig,no,COG0084,11.6221668,11.39446901
0.876962155,1.170840674,0.22754477,3,1.43769589,0.369156409,insig,no,COG0502,12.59682512,12.36928035
1.028003876,1.170801596,0.227496617,3,2.532473679,0.17284207,insig,no,COG2262,11.80429745,11.57680084
1.190033814,1.169169302,0.225483855,3,3.122878514,0.114794186,insig,no,COG0763,12.26207828,12.03659442
1.569874724,1.169037613,0.225321348,3,5.827288095,0.017612114,insig,no,COG0436,10.08672066,9.861399312
1.269071637,1.166927471,0.222714895,3,3.350534111,0.098036711,insig,no,COG0771,11.34443239,11.1217175
1.158558668,1.16645727,0.22213346,3,2.337490459,0.197854192,insig,no,COG0673,9.38585691,9.16372345
1.162939198,1.166445634,0.222119068,3,2.862052204,0.137542349,insig,no,COG0440,12.08053043,11.85841137
1.590665665,1.166156588,0.221761522,3,5.412176089,0.023484032,insig,no,COG0451,8.882653991,8.660892468
1.353161011,1.166007471,0.221577032,3,4.194882879,0.054602739,insig,no,COG1722,12.08971493,11.86813789
1.168250211,1.165662369,0.221149976,3,2.858188192,0.137911227,insig,no,COG0289,11.70605455,11.48490457
1.328336077,1.164988912,0.220316224,3,4.052231911,0.060277696,insig,no,COG0100,11.84068233,11.62036611
0.922709202,1.164593007,0.219825861,3,1.991424685,0.251490414,insig,no,COG0732,12.34482934,12.12500348
0.78813835,1.164154149,0.219282103,3,1.428466136,0.371525687,insig,no,COG0215,11.06914941,10.84986731
1.423997846,1.163549723,0.218532863,3,4.591496772,0.041478376,insig,no,COG3266,11.17345598,10.95492311
1.573486356,1.163526947,0.218504623,3,5.877709954,0.017007207,insig,no,COG1570,11.73603494,11.51753031
0.990395551,1.163413543,0.218364003,3,2.28945023,0.204553449,insig,no,COG1007,11.57562818,11.35726418
1.133035015,1.162973045,0.217817658,3,2.913147089,0.132756363,insig,no,COG2255,11.80943738,11.59161972
1.213578423,1.162735817,0.217523342,3,2.586926224,0.166439963,insig,no,COG3386,10.92092354,10.7034002
1.028792774,1.161114721,0.21551052,3,2.598448536,0.165115958,insig,no,COG0168,12.43656742,12.2210569
0.715745383,1.160806065,0.215126962,3,1.282997875,0.410940699,insig,no,COG1754,11.80398791,11.58886094
0.943865886,1.159809844,0.213888289,3,2.00629275,0.248911924,insig,no,COG1589,12.41713223,12.20324394
1.13142949,1.159503504,0.21350718,3,2.536976561,0.172303443,insig,no,COG0065,11.43960647,11.22609929
0.922597038,1.159245393,0.213185994,3,1.325660402,0.398966522,insig,no,COG1014,12.72441365,12.51122765
0.995267181,1.157940757,0.211561444,3,2.301448956,0.202859257,insig,no,COG1410,10.99981874,10.7882573
0.641648553,1.157496347,0.21100764,3,1.269315514,0.414856555,insig,no,COG3022,12.9789205,12.76791286
1.275445886,1.15694565,0.210321092,3,3.734067663,0.075150803,insig,no,COG0226,11.23598043,11.02565934
0.691831166,1.156477404,0.209737078,3,1.394794994,0.380298725,insig,no,COG1055,12.58642061,12.37668354
1.563518492,1.156469516,0.209727238,3,5.58072372,0.020894634,insig,no,COG0621,10.61603811,10.40631088
0.780799099,1.155652357,0.208707472,3,1.653648131,0.317835432,insig,no,COG2151,11.83809501,11.62938754
1.294510564,1.155584898,0.208623255,3,3.737195762,0.074988035,insig,no,COG0512,11.73560882,11.52698557
0.623781724,1.155554721,0.20858558,3,1.221578444,0.4288133,insig,no,COG5295,11.81837755,11.60979197
1.35087305,1.155395049,0.208386218,3,4.015717806,0.061822774,insig,no,COG0223,11.36079752,11.1524113
1.00829271,1.155313931,0.208284925,3,2.087009947,0.235367993,insig,no,COG0314,13.2915811,13.08329617
0.951574562,1.154935868,0.207812743,3,2.069928392,0.238171321,insig,no,COG2242,12.446823,12.23901025
1.139697841,1.15422876,0.206929184,3,2.708354234,0.153004476,insig,no,COG0414,11.91457425,11.70764506
1.207705153,1.153988282,0.206628574,3,3.145276626,0.113025748,insig,no,COG0294,11.68490017,11.47827159
1.162839901,1.153642855,0.206196663,3,2.988418812,0.126007472,insig,no,COG0099,11.66196777,11.45577111
1.278055128,1.153165954,0.205600148,3,3.781345431,0.072727993,insig,no,COG0042,11.13271901,10.92711886
1.206442665,1.153110723,0.205531049,3,3.389983227,0.09539231,insig,no,COG0394,11.22895743,11.02342638
1.386661428,1.1531053,0.205524264,3,4.22187806,0.053590532,insig,no,COG0037,11.23312365,11.02759938
1.401812068,1.153052129,0.205457738,3,4.366727049,0.048471245,insig,no,COG1314,12.14799405,11.94253631
0.925824376,1.152799712,0.20514188,3,2.013512185,0.247669448,insig,no,COG0470,11.48859522,11.28345334
1.343531649,1.152069118,0.204227274,3,4.074591216,0.059350697,insig,no,COG0743,11.86314926,11.65892199
1.259088292,1.151741245,0.203816632,3,2.235543235,0.212341279,insig,no,COG0521,12.75842114,12.55460451
1.320630914,1.151445841,0.203446555,3,3.62136129,0.081257158,insig,no,COG0449,10.98179904,10.77835249
1.27118423,1.151215433,0.203157838,3,3.58920845,0.083088438,insig,no,COG0413,11.90930397,11.70614613
1.298895986,1.151138145,0.203060978,3,3.894115527,0.067259622,insig,no,COG0690,11.69926182,11.49620084
1.31693634,1.150940199,0.202812875,3,3.928713223,0.065665836,insig,no,COG0307,11.930915,11.72810212
0.904206361,1.150749185,0.202573421,3,2.121436439,0.229817977,insig,no,COG3639,11.98264539,11.78007197
1.290308054,1.150725621,0.202543879,3,3.466372421,0.090472778,insig,no,COG0313,11.75770658,11.5551627
1.123703311,1.150707957,0.202521732,3,2.679870313,0.156055346,insig,no,COG0685,11.85104734,11.64852561
0.438272834,1.150422845,0.202164231,3,0.619115775,0.651069845,insig,no,COG0046,8.985867236,8.783703006
1.271649154,1.15000065,0.201634676,3,3.507027472,0.087958849,insig,no,COG0193,11.89979735,11.69816268
0.792654124,1.149548703,0.20106759,3,1.457272846,0.364180897,insig,no,COG3496,12.86867407,12.66760648
1.398325788,1.149542656,0.201060001,3,4.426238271,0.046512482,insig,no,COG0089,11.79639696,11.59533696
1.473815327,1.149260975,0.200706443,3,5.009473929,0.031045459,insig,no,COG0217,11.65008822,11.44938178
1.216864287,1.149227407,0.200664304,3,3.162825083,0.111659269,insig,no,COG0576,11.77118481,11.57052051
0.615039701,1.149134781,0.20054802,3,1.045182253,0.484583688,insig,no,COG2928,13.27827061,13.07772259
1.222599056,1.14907405,0.200471773,3,3.362248697,0.097243882,insig,no,COG0594,12.0717108,11.87123903
1.457269572,1.148530372,0.199789008,3,2.587428499,0.166382027,insig,no,COG1231,12.82788001,12.628091
0.896365847,1.148120198,0.199273688,3,2.09642705,0.233836647,insig,no,COG2378,11.08580945,10.88653576
1.073133569,1.14728665,0.198225894,3,2.546370767,0.171185123,insig,no,COG1399,12.36461646,12.16639056
1.016931569,1.147101835,0.197993473,3,2.499815225,0.176799338,insig,no,COG1420,12.25202513,12.05403166
1.193413986,1.146949387,0.197801729,3,3.077585065,0.118455323,insig,no,COG0127,11.74159678,11.54379506
1.292653899,1.146780322,0.197589055,3,3.496787508,0.088585384,insig,no,COG0812,11.64906946,11.4514804
1.023299456,1.146603886,0.197367073,3,2.144316839,0.226201933,insig,no,COG0509,12.15646929,11.95910222
1.359493435,1.146154613,0.196801673,3,4.028830358,0.061263417,insig,no,COG0571,11.84006336,11.64326169
1.022923879,1.145822252,0.19638326,3,1.995533365,0.250775208,insig,no,COG1136,10.40465233,10.20826907
1.481803581,1.145652803,0.196169893,3,4.879507602,0.033972057,insig,no,COG0169,11.61848601,11.42231612
0.704171893,1.145500376,0.195977933,3,1.194483488,0.436942854,insig,no,COG2080,12.32993296,12.13395503
0.729997234,1.145490854,0.19596594,3,1.378839553,0.38452797,insig,no,COG5640,13.18926048,12.99329454
0.936099438,1.14542356,0.195881183,3,2.161728566,0.223488335,insig,no,COG0649,11.53324385,11.33736267
1.450395651,1.145361403,0.195802893,3,4.733888937,0.037580057,insig,no,COG1612,11.8710769,11.67527401
1.389509502,1.145329606,0.19576284,3,4.263276916,0.052074579,insig,no,COG0002,11.82425209,11.62848925
1.438671469,1.145073222,0.195439855,3,4.532876956,0.043198441,insig,no,COG0061,11.79199778,11.59655792
0.999444451,1.145046698,0.195406437,3,2.172977868,0.221752478,insig,no,COG0720,12.27290578,12.07749934
0.643115917,1.144899862,0.195221419,3,1.165157109,0.445915697,insig,no,COG3852,13.02558956,12.83036814
1.407550352,1.144797189,0.195092035,3,4.559869242,0.042397728,insig,no,COG0325,11.88717664,11.6920846
1.212386481,1.144714686,0.194988059,3,2.7530663,0.148335283,insig,no,COG1109,10.21106949,10.01608143
0.997360487,1.144676591,0.194940047,3,2.201273312,0.21744564,insig,no,COG1194,12.10287733,11.90793729
1.300659785,1.144614215,0.194861429,3,3.781606237,0.072714846,insig,no,COG0134,11.97504604,11.78018462
0.797131127,1.144377784,0.194563396,3,0.919323651,0.528756848,insig,no,COG2960,11.91555705,11.72099365
0.885326817,1.144198838,0.194337785,3,1.443048088,0.367789427,insig,no,COG2963,9.908129398,9.713791613
1.251227081,1.143757141,0.193780751,3,3.386610809,0.095615558,insig,no,COG0838,12.00176692,11.80798617
1.155213223,1.143629516,0.19361976,3,2.892160964,0.134701613,insig,no,COG1235,12.00018926,11.8065695
1.182885158,1.143524019,0.193486669,3,3.008132234,0.124297378,insig,no,COG0547,11.82170554,11.62821887
1.307079675,1.143230198,0.19311593,3,3.960898554,0.064217105,insig,no,COG1546,11.832165,11.63904907
1.191514703,1.142196073,0.191810329,3,2.892433638,0.134676157,insig,no,COG0353,11.79218605,11.60037572
1.00467035,1.142082213,0.191666507,3,2.090595283,0.234783791,insig,no,COG0284,11.79627894,11.60461244
0.929842682,1.140990154,0.190286342,3,1.461441374,0.36313015,insig,no,COG0606,11.87683945,11.68655311
1.146541026,1.139622416,0.188555904,3,2.437509294,0.184602079,insig,no,COG0210,9.904504114,9.71594821
1.075957825,1.1391703,0.187983439,3,2.307986876,0.201942031,insig,no,COG0066,11.76158045,11.57359701
1.232627155,1.139126085,0.187927441,3,3.489538632,0.089031605,insig,no,COG0186,11.79887144,11.610944
1.169333181,1.138899181,0.187640041,3,3.171537956,0.110986957,insig,no,COG0299,12.02025329,11.83261325
1.106599101,1.13887763,0.187612741,3,2.81339279,0.142260516,insig,no,COG1792,12.25022051,12.06260777
1.209808592,1.138850605,0.187578506,3,2.827602711,0.14086619,insig,no,COG0768,10.3527106,10.16513209
0.992022933,1.138558005,0.187207793,3,0.883924495,0.541891343,insig,no,COG1402,12.78992734,12.60271954
0.864556314,1.138289342,0.186867323,3,0.871871076,0.546437699,insig,no,COG1696,12.83166746,12.64480014
1.115996491,1.138087732,0.186611775,3,2.942246781,0.130105443,insig,no,COG0192,11.34691869,11.16030691
1.387974485,1.137892494,0.18636426,3,4.373910518,0.048230497,insig,no,COG1327,11.99194704,11.80558278
0.98834905,1.137145352,0.185416674,3,2.300157895,0.203040876,insig,no,COG2721,12.69153097,12.5061143
1.273769438,1.136979129,0.185205772,3,3.659836411,0.079118758,insig,no,COG0149,11.78655658,11.60135081
1.014221016,1.136353882,0.184412187,3,2.470468998,0.180432484,insig,no,COG0017,13.26503635,13.08062416
1.160791152,1.136064465,0.184044701,3,3.152943505,0.112426691,insig,no,COG1825,11.93975538,11.75571068
1.22271007,1.135929858,0.183873754,3,3.314250993,0.100533555,insig,no,COG0244,11.77018169,11.58630793
1.320723122,1.13575036,0.183645763,3,3.867264134,0.068523178,insig,no,COG0087,11.71126667,11.52762091
0.498626327,1.135422813,0.183229634,3,0.69755896,0.616614636,insig,no,COG1442,12.84131215,12.65808252
0.937569473,1.135422365,0.183229064,3,2.131984644,0.2281438,insig,no,COG1003,11.33063133,11.14740227
1.255495393,1.135251318,0.183011712,3,3.449967222,0.091507435,insig,no,COG0126,11.50664564,11.32363393
1.337787498,1.135078844,0.182792513,3,3.484210388,0.089361029,insig,no,COG0342,11.22652513,11.04373262
1.288654134,1.134597469,0.182180551,3,3.667621532,0.078692964,insig,no,COG0097,11.75896905,11.5767885
0.82428521,1.134446483,0.181988553,3,1.269742799,0.414733704,insig,no,COG2264,12.32041685,12.1384283
1.263460482,1.134342513,0.181856326,3,3.577275587,0.083778532,insig,no,COG0712,11.83943726,11.65758093
0.978502413,1.134325806,0.181835077,3,2.235117394,0.212403966,insig,no,COG1008,11.32179662,11.13996154
1.449808119,1.133604911,0.180917913,3,4.583573201,0.041706811,insig,no,COG0103,11.8229563,11.64203839
0.75968728,1.133163051,0.180355466,3,1.177732351,0.442045766,insig,no,COG1610,12.50047719,12.32012173
1.345608445,1.132841133,0.179945555,3,3.995190088,0.062708721,insig,no,COG0721,11.99320632,11.81326076
1.347266104,1.132640737,0.179690324,3,4.168650672,0.055604649,insig,no,COG0090,11.6858533,11.50616298
1.123555557,1.132555516,0.179581771,3,2.922225629,0.131923581,insig,no,COG0233,11.74948812,11.56990635
1.244663694,1.132432432,0.179424973,3,3.474616428,0.089957263,insig,no,COG0255,11.79649549,11.61707052
1.028418909,1.132205473,0.179135802,3,2.358569226,0.194984422,insig,no,COG0106,11.8177837,11.63864789
0.594695339,1.132049773,0.178937391,3,0.813575511,0.568969999,insig,no,COG4233,12.47281747,12.29388008
1.260324783,1.13186981,0.178708026,3,3.593047141,0.082867652,insig,no,COG1381,12.01874389,11.84003586
0.814627545,1.131768608,0.178579027,3,0.950618863,0.517410464,insig,no,COG1236,11.85989277,11.68131374
1.031282739,1.131405683,0.178116323,3,1.57454606,0.335748752,insig,no,COG1994,12.44206096,12.26394463
1.201976326,1.131213751,0.177871563,3,3.21322858,0.107825583,insig,no,COG1354,11.88373139,11.70585983
1.29011812,1.130534127,0.177004543,3,3.723737653,0.075690831,insig,no,COG0482,11.60880215,11.43179761
1.315454245,1.130381459,0.176809707,3,3.889068888,0.067495312,insig,no,COG0802,12.06618047,11.88937077
1.507319685,1.130360568,0.176783044,3,3.987931929,0.063025002,insig,no,COG1452,11.66515774,11.4883747
0.722211543,1.130325018,0.17673767,3,1.087303429,0.470640236,insig,no,COG0432,13.25192802,13.07519035
1.169668613,1.13013876,0.17649992,3,3.042364862,0.121382735,insig,no,COG2001,12.01890194,11.84240202
0.657681993,1.130129315,0.176487862,3,1.072741114,0.475414854,insig,no,COG0554,11.91624608,11.73975821
0.637887533,1.129979927,0.176297144,3,1.045010681,0.48464132,insig,no,COG0859,10.82675913,10.65046198
1.109949866,1.129876435,0.176165006,3,2.931969313,0.131035597,insig,no,COG0147,10.84366026,10.66749525
1.014001368,1.129844916,0.176124761,3,2.507282871,0.175886557,insig,no,COG1043,12.17444529,11.99832053
0.902660567,1.129651902,0.17587828,3,1.791525777,0.288866383,insig,no,COG1253,10.79998371,10.62410543
1.443482057,1.12963996,0.175863029,3,4.359755426,0.048706042,insig,no,COG1198,11.21544259,11.03957956
1.264959825,1.129302338,0.175431778,3,3.612718468,0.08174541,insig,no,COG1466,11.83395356,11.65852178
0.842169238,1.128791248,0.174778707,3,1.485342713,0.35716368,insig,no,COG0545,11.49185901,11.3170803
1.129523581,1.128586343,0.174516797,3,2.798636629,0.143723051,insig,no,COG0459,10.71249155,10.53797475
1.194982476,1.12836149,0.174229334,3,3.336868038,0.098969785,insig,no,COG0669,11.88422432,11.70999498
0.882255414,1.127961917,0.173718359,3,0.654307811,0.635380266,insig,no,COG1376,11.07987824,10.90615988
0.996913094,1.127939236,0.173689349,3,2.432728511,0.185214826,insig,no,COG0377,11.87972558,11.70603623
0.980510202,1.127496508,0.173122965,3,2.342667866,0.197145425,insig,no,COG1950,12.77139662,12.59827365
1.165406871,1.127307118,0.172880609,3,3.057343006,0.120129052,insig,no,COG0238,11.79742055,11.62453994
0.728047086,1.126833805,0.17227475,3,1.084646036,0.471507938,insig,no,COG0767,11.9675986,11.79532385
1.055559382,1.126816577,0.172252693,3,2.154688321,0.224581607,insig,no,COG0263,11.87392768,11.70167499
0.770192945,1.126810682,0.172245145,3,1.278711794,0.412163372,insig,no,COG0588,12.04478189,11.87253675
0.750839617,1.126769973,0.172193023,3,0.880403482,0.543215488,insig,no,COG2835,13.03129345,12.85910043
1.36050953,1.126292448,0.17158148,3,4.206642533,0.054159471,insig,no,COG0204,10.13733403,9.965752546
1.196753954,1.126008651,0.171217911,3,3.242915904,0.105629455,insig,no,COG0799,11.82986282,11.65864491
0.970851786,1.125959828,0.171155356,3,1.088257151,0.470329213,insig,no,COG0428,12.26916081,12.09800545
0.83701273,1.125784319,0.170930458,3,1.409157106,0.376531611,insig,no,COG0315,13.22661086,13.05568041
0.988250988,1.125757993,0.170896721,3,2.384924517,0.191454766,insig,no,COG1058,12.15374648,11.98284976
1.022525413,1.125428745,0.170474718,3,2.494498975,0.177452035,insig,no,COG2021,11.58770953,11.41723481
1.379559248,1.125330062,0.17034821,3,4.049219749,0.06040368,insig,no,COG0526,9.693037241,9.522689032
0.712624571,1.124582681,0.169389735,3,0.914735204,0.53044122,insig,no,COG1804,10.66418306,10.49479333
1.068708325,1.124385581,0.169136858,3,2.385534434,0.191373844,insig,no,COG1364,11.73620916,11.5670723
0.977093318,1.123729505,0.168294804,3,2.361706005,0.194560938,insig,no,COG0041,12.09991297,11.93161816
1.359787131,1.123684371,0.168236857,3,4.143005133,0.056601923,insig,no,COG0102,11.83958213,11.67134527
1.084408565,1.123667935,0.168215756,3,2.806644815,0.142927476,insig,no,COG0566,10.52337896,10.35516321
0.870638874,1.123499141,0.167999021,3,1.604482845,0.328853551,insig,no,COG0635,11.34492991,11.17693089
1.246636718,1.122941697,0.167283026,3,3.460622528,0.090834079,insig,no,COG1132,9.473053271,9.305770245
0.704340029,1.122838918,0.167150974,3,1.137497745,0.454547275,insig,no,COG0404,11.16665187,10.9995009
0.792665665,1.122739061,0.167022666,3,1.554251273,0.340505198,insig,no,COG1045,12.09600572,11.92898305
1.307511762,1.122328975,0.166495618,3,3.689543264,0.077506265,insig,no,COG0750,11.57710142,11.4106058
1.112148035,1.121604318,0.165563808,3,2.684798872,0.155523137,insig,no,COG0345,11.86198454,11.69642073
0.968410701,1.121414691,0.165319875,3,1.998808708,0.25020652,insig,no,COG0283,11.8217985,11.65647862
0.868637188,1.120223902,0.163787116,3,1.921120782,0.264049299,insig,no,COG0634,12.37470236,12.21091525
1.331613991,1.119620396,0.163009674,3,3.833351543,0.070152993,insig,no,COG0272,11.1065952,10.94358552
1.085933588,1.119259402,0.162544437,3,2.633161838,0.161190448,insig,no,COG0159,11.91336839,11.75082395
0.776009741,1.119220505,0.162494299,3,1.422532005,0.373057003,insig,no,COG0796,12.3370663,12.174572
0.759214172,1.119108366,0.162349743,3,1.644884119,0.319772079,insig,no,COG0326,12.87515845,12.71280871
1.106646592,1.119086927,0.162322105,3,2.720008898,0.151773424,insig,no,COG0359,11.85331207,11.69098996
0.534429461,1.118366007,0.161392416,3,0.684635837,0.622162852,insig,no,COG0551,13.22016177,13.05876935
1.097463078,1.118053218,0.16098886,3,2.785851678,0.145002364,insig,no,COG0198,11.74904212,11.58805326
0.82691625,1.117516772,0.160296484,3,1.417703193,0.374307746,insig,no,COG3239,11.53963248,11.379336
1.053652873,1.117192757,0.159878126,3,2.1377554,0.227233052,insig,no,COG0761,11.64857285,11.48869472
1.077693339,1.116984721,0.159609451,3,1.680375882,0.312001337,insig,no,COG3391,9.991738154,9.832128703
1.186927193,1.116654202,0.15918249,3,3.142557557,0.11323897,insig,no,COG0772,10.67707279,10.51789029
1.141778493,1.11661338,0.159129749,3,2.487400284,0.178327328,insig,no,COG0324,11.78182145,11.6226917
0.677868157,1.116378075,0.158825697,3,0.799708325,0.574465307,insig,no,COG3055,12.91087525,12.75204956
1.657727476,1.116242939,0.15865105,3,5.368718004,0.0242022,insig,no,COG4974,10.22913023,10.07047918
1.075370322,1.116210863,0.158609592,3,2.583661446,0.166817038,insig,no,COG0452,11.58120923,11.42259964
0.660301932,1.115911072,0.158222062,3,0.895200706,0.53767239,insig,no,COG2124,10.8887322,10.73051014
1.121956416,1.115417444,0.157583738,3,2.997113863,0.125250315,insig,no,COG0040,11.8880272,11.73044347
1.081964076,1.115330312,0.157471036,3,2.219386799,0.214732609,insig,no,COG0728,11.44392305,11.28645201
0.820287542,1.115163538,0.157255296,3,1.824398348,0.28235883,insig,no,COG0639,11.64791899,11.4906637
1.122314694,1.114714572,0.156674348,3,3.008538782,0.124262356,insig,no,COG0098,11.74224608,11.58557173
1.006329699,1.114625202,0.156558679,3,2.440655302,0.184199966,insig,no,COG0211,11.82324276,11.66668408
0.897445306,1.114128365,0.155915463,3,2.019781379,0.246595542,insig,no,COG0303,12.39346191,12.23754645
1.03287368,1.113943784,0.155676428,3,2.541098347,0.171811874,insig,no,COG0232,11.90113868,11.74546226
0.47157727,1.113943254,0.155675742,3,0.739245451,0.599052583,insig,no,COG3396,13.25676333,13.10108759
1.180105579,1.113685769,0.155342228,3,2.869444962,0.136839348,insig,no,COG0082,11.63607236,11.48073013
0.693831634,1.113268968,0.154802193,3,0.869828216,0.547212004,insig,no,COG2166,12.72566587,12.57086368
1.080970573,1.112667687,0.154022777,3,2.810331719,0.142562681,insig,no,COG0051,11.68723328,11.5332105
1.229599861,1.112647394,0.153996464,3,3.246340458,0.105379018,insig,no,COG0703,11.90243487,11.74843841
1.090322011,1.112511392,0.153820109,3,2.830672324,0.140566788,insig,no,COG1386,11.9396613,11.78584119
1.197947188,1.112147464,0.153348093,3,3.322049604,0.099991578,insig,no,COG0109,11.75180873,11.59846064
1.22518051,1.112116633,0.153308099,3,3.451323504,0.091421449,insig,no,COG2114,11.25940775,11.10609965
0.624975057,1.111901315,0.153028749,3,0.691905623,0.61903564,insig,no,COG4962,11.65169802,11.49866928
1.057361411,1.111849497,0.152961514,3,2.042570276,0.242730907,insig,no,COG1758,11.90588415,11.75292264
0.678592255,1.111793386,0.152888704,3,0.957319319,0.515012974,insig,no,COG3476,12.5729244,12.4200357
1.086536464,1.111649967,0.152702588,3,2.752615388,0.148381652,insig,no,COG0331,11.79689583,11.64419324
1.086915363,1.111520123,0.152534067,3,2.203490679,0.217111691,insig,no,COG0533,11.54632824,11.39379417
0.948128235,1.111473456,0.152473495,3,2.14305222,0.226400301,insig,no,COG0794,12.18695536,12.03448186
1.130275939,1.111122609,0.152018023,3,2.864499154,0.137309262,insig,no,COG0054,11.90417009,11.75215207
1.115505584,1.110849254,0.151663051,3,2.468487158,0.180680516,insig,no,COG0770,11.38011638,11.22845333
0.90632085,1.109710578,0.150183459,3,2.051280383,0.241269862,insig,no,COG0026,11.74480458,11.59462112
1.338711714,1.109324969,0.149682055,3,3.740749849,0.074803529,insig,no,COG0735,10.97663772,10.82695566
1.09641834,1.109316162,0.149670601,3,2.686468206,0.155343286,insig,no,COG0088,11.68863839,11.53896779
0.882147574,1.109296954,0.14964562,3,2.018830343,0.246758153,insig,no,COG0736,12.23858351,12.08893789
0.801343286,1.109276286,0.14961874,3,1.604301042,0.328894995,insig,no,COG1663,12.53595561,12.38633687
0.712983519,1.109236071,0.149566438,3,1.41580584,0.374800338,insig,no,COG2096,12.28373027,12.13416383
1.117895331,1.108760076,0.148947216,3,2.861044382,0.137638465,insig,no,COG0203,11.79151594,11.64256873
0.750205025,1.108727987,0.148905462,3,1.599322906,0.330031834,insig,no,COG1435,12.80533285,12.65642739
1.112302293,1.108422326,0.148507675,3,2.757442467,0.147886015,insig,no,COG0200,11.821693,11.67318533
1.265493584,1.10838776,0.148462684,3,3.652901079,0.079500014,insig,no,COG0048,11.75979029,11.61132761
0.978872004,1.10747398,0.147272804,3,2.145023811,0.226091113,insig,no,COG0080,11.70838063,11.56110783
0.773375936,1.107468846,0.147266116,3,1.67505981,0.313153127,insig,no,COG2895,11.74211659,11.59485047
1.032123696,1.106820415,0.14642116,3,2.598197125,0.165144734,insig,no,COG0045,11.12503828,10.97861712
0.893012765,1.106584601,0.146113753,3,1.934928716,0.261534157,insig,no,COG0497,11.56818282,11.42206907
1.183451374,1.106561507,0.146083644,3,3.071993222,0.118915343,insig,no,COG0817,11.82383781,11.67775417
0.65793067,1.106476171,0.145972382,3,1.160536208,0.447346239,insig,no,COG0686,11.9516347,11.80566232
1.296969486,1.106320956,0.145769988,3,3.850823651,0.069308512,insig,no,COG3118,10.57800488,10.43223489
0.806370601,1.105916783,0.145242832,3,1.572692862,0.336180311,insig,no,COG0267,11.89883184,11.75358901
1.065506443,1.105854114,0.145161075,3,2.345093364,0.196814257,insig,no,COG0253,11.72678324,11.58162216
0.926617647,1.105692114,0.144949716,3,2.043230482,0.242619854,insig,no,COG0357,11.91004887,11.76509915
0.797620715,1.105487795,0.144683098,3,1.126885555,0.457903166,insig,no,COG2335,11.62002458,11.47534149
1.138203191,1.10530449,0.144443858,3,2.704151451,0.153450851,insig,no,COG0240,11.77940544,11.63496158
0.680562291,1.105242113,0.144362439,3,0.704528447,0.613643028,insig,no,COG2307,12.30535432,12.16099188
0.577534005,1.104822033,0.143813996,3,0.793511214,0.576938237,insig,no,COG2844,11.91687184,11.77305784
0.883296708,1.10469681,0.143650469,3,1.909278797,0.266225599,insig,no,COG0711,11.20146735,11.05781688
0.763316879,1.10448045,0.143367882,3,1.118118977,0.460694099,insig,no,COG0809,12.11050894,11.96714106
0.783029751,1.104417556,0.143285727,3,1.275433798,0.413100927,insig,no,COG1187,10.94942946,10.80614373
0.771561171,1.104335556,0.143178606,3,1.528860228,0.346551045,insig,no,COG1426,12.55429035,12.41111175
1.153709296,1.104181786,0.142977708,3,2.730357141,0.150688671,insig,no,COG0108,11.57785625,11.43487854
0.927101507,1.104112983,0.142887809,3,2.189855621,0.219173363,insig,no,COG0139,12.06738985,11.92450205
1.032159466,1.104105526,0.142878066,3,2.418094483,0.187103119,insig,no,COG0091,11.78992325,11.64704518
1.092653343,1.103723931,0.142379363,3,2.570933236,0.168295297,insig,no,COG0166,11.43273212,11.29035276
1.141925628,1.103569844,0.14217794,3,2.976188792,0.127080203,insig,no,COG0049,11.6908545,11.54867656
0.496274903,1.103538285,0.142136682,3,0.892890123,0.538534202,insig,no,COG1079,12.60152295,12.45938627
0.698793327,1.103459391,0.142033538,3,0.652253605,0.636285608,insig,no,COG5126,13.1123909,12.97035737
1.053910701,1.103391942,0.14194535,3,2.351546256,0.195935911,insig,no,COG0336,11.70894849,11.56700314
1.240345842,1.103372344,0.141919725,3,3.358528115,0.097494989,insig,no,COG0568,10.12451929,9.982599562
0.769141228,1.102465022,0.140732884,3,1.571079651,0.336556435,insig,no,COG0300,10.91709109,10.7763582
1.00942779,1.102362575,0.140598815,3,2.50045761,0.176720632,insig,no,COG0096,11.77763761,11.6370388
0.776890457,1.102353213,0.140586562,3,1.251538615,0.420000044,insig,no,COG0494,10.30574979,10.16516323
0.552711862,1.102274196,0.140483146,3,0.710364262,0.611165808,insig,no,COG1261,13.07307775,12.9325946
0.668387211,1.101425108,0.139371401,3,1.083067418,0.472024151,insig,no,COG0792,12.62054689,12.48117549
1.448419041,1.101228076,0.139113297,3,3.423942048,0.093173142,insig,no,COG0500,8.884893353,8.745780057
0.671297208,1.101123855,0.138976753,3,0.538248257,0.688606518,insig,no,COG1574,11.77332547,11.63434872
1.145418547,1.101116261,0.138966803,3,2.836013879,0.140047304,insig,no,COG0505,11.50115365,11.36218685
0.579823099,1.100879537,0.138656611,3,0.70901564,0.611737389,insig,no,COG4965,12.66636612,12.5277095
1.015101768,1.099663042,0.137061522,3,2.270177696,0.207304351,insig,no,COG0172,11.39135372,11.2542922
0.943667589,1.099561123,0.136927804,3,1.834061417,0.28047393,insig,no,COG0036,11.73648579,11.59955799
1.123469636,1.09928842,0.136569955,3,2.928346766,0.131365035,insig,no,COG0141,11.54221687,11.40564692
1.104587688,1.099277077,0.136555068,3,2.717424725,0.152045527,insig,no,COG0197,11.70739417,11.5708391
0.974203804,1.098822803,0.135958755,3,2.149832421,0.225338789,insig,no,COG0355,11.82032229,11.68436353
0.885201067,1.097637871,0.134402164,3,1.366160665,0.387922224,insig,no,COG1678,12.45014691,12.31574475
0.739721641,1.097315442,0.133978313,3,1.431618055,0.370714884,insig,no,COG0288,11.49401872,11.3600404
0.957086621,1.097073294,0.133659914,3,1.940314006,0.260559723,insig,no,COG0228,11.83749511,11.70383519
1.175404882,1.096792541,0.133290665,3,2.746053191,0.149058113,insig,no,COG0072,11.08740013,10.95410947
0.913627503,1.096773337,0.133265404,3,1.684534132,0.311103357,insig,no,COG0128,11.49477792,11.36151252
0.692891996,1.096689745,0.133155444,3,0.769640379,0.586563669,insig,no,COG1600,12.25711922,12.12396377
1.06157157,1.096540179,0.132958676,3,2.592993477,0.165741469,insig,no,COG0462,11.57163018,11.4386715
0.646115903,1.096467884,0.132863556,3,0.619092011,0.651080569,insig,no,COG3311,12.13908539,12.00622183
0.956982052,1.096465718,0.132860705,3,1.550809545,0.341318485,insig,no,COG0473,11.17316078,11.04030008
0.977281246,1.096317486,0.132665654,3,2.341432625,0.197314294,insig,no,COG0781,11.28979569,11.15713004
1.154392004,1.096138563,0.132430181,3,2.783061181,0.145283102,insig,no,COG0196,11.69679807,11.56436789
1.210268671,1.095859024,0.132062216,3,3.352673255,0.097891455,insig,no,COG0341,11.43628514,11.30422292
0.823172571,1.095677172,0.131822788,3,1.436919942,0.369355011,insig,no,COG3178,12.49908179,12.367259
0.986869872,1.095571069,0.131683074,3,2.074961493,0.237341865,insig,no,COG0322,10.95780979,10.82612672
0.97570472,1.095533256,0.131633279,3,1.976950508,0.25402625,insig,no,COG1186,11.12300397,10.99137069
0.85935956,1.095532077,0.131631727,3,1.281527421,0.41135976,insig,no,COG1572,11.70593598,11.57430425
1.214571632,1.095528365,0.131626838,3,3.122300285,0.114840205,insig,no,COG0070,10.77282307,10.64119624
1.221362451,1.095523877,0.131620929,3,3.404031773,0.094467915,insig,no,COG0460,11.55846504,11.42684411
0.785530204,1.095493044,0.131580324,3,1.591735419,0.331772124,insig,no,COG0286,11.130943,10.99936268
0.846344885,1.095229914,0.131233757,3,1.352911165,0.391501254,insig,no,COG1494,12.41766415,12.28643039
0.708680427,1.095227531,0.131230618,3,1.406957052,0.377106245,insig,no,COG0762,12.40163677,12.27040615
0.801620894,1.095123076,0.131093017,3,1.051791818,0.482368693,insig,no,COG1087,11.61511958,11.48402656
0.91641673,1.094783817,0.130646014,3,1.779523878,0.29127951,insig,no,COG0652,10.61188832,10.48124231
0.996820254,1.094700959,0.130536821,3,2.340701613,0.197414298,insig,no,COG0292,11.77754036,11.64700354
0.77579888,1.09418259,0.129853505,3,1.595676381,0.33086707,insig,no,COG0296,11.95685687,11.82700336
0.857548575,1.093904304,0.129486535,3,1.89978128,0.26798399,insig,no,COG0839,11.91597176,11.78648523
1.155265294,1.093238523,0.128608203,3,2.850608687,0.138637679,insig,no,COG0742,11.98153065,11.85292245
0.631004163,1.092853765,0.128100367,3,1.044709554,0.484742488,insig,no,COG0584,11.49881874,11.37071837
0.889097474,1.092615636,0.127785974,3,2.035717776,0.24388657,insig,no,COG0227,11.85806964,11.73028366
1.030368218,1.092316591,0.127391059,3,2.375173446,0.192753178,insig,no,COG0224,11.44961095,11.3222199
0.866307869,1.092183108,0.127214749,3,1.915458192,0.265087732,insig,no,COG0581,11.6434066,11.51619185
1.182133737,1.091743634,0.126634119,3,2.904191434,0.133583022,insig,no,COG0536,11.58954281,11.46290869
0.903319336,1.091626028,0.126478699,3,2.090131373,0.2348593,insig,no,COG0093,11.69781469,11.571336
0.434843515,1.091098678,0.125781584,3,0.523471087,0.695695991,insig,no,COG1100,13.29984147,13.17405988
0.690200379,1.090942646,0.125575257,3,1.247504216,0.42117619,insig,no,COG3494,12.94524866,12.8196734
0.974009025,1.090837079,0.125435646,3,2.257491974,0.209135231,insig,no,COG0360,11.78030843,11.65487278
1.019102899,1.090820478,0.125413689,3,1.899306837,0.268072134,insig,no,COG0493,11.07193502,10.94652133
0.744909394,1.090775432,0.125354112,3,0.656730843,0.63431403,insig,no,COG1541,12.89666399,12.77130988
1.021967803,1.090654343,0.125193946,3,2.518490953,0.174525415,insig,no,COG0335,11.75316166,11.62796771
0.836017044,1.090628249,0.125159429,3,1.585215408,0.333274905,insig,no,COG1539,11.93020316,11.80504373
0.768709719,1.090373077,0.124821846,3,1.457817829,0.364043352,insig,no,COG1862,12.2140539,12.08923206
1.10410176,1.090358372,0.124802388,3,2.559742119,0.169605855,insig,no,COG0815,11.54825135,11.42344896
0.805012389,1.090323203,0.124755855,3,1.756300719,0.296006196,insig,no,COG0773,10.89680371,10.77204786
1.059929136,1.09019336,0.124584039,3,2.391921967,0.190528409,insig,no,COG0021,11.17098766,11.04640362
0.920178009,1.090173609,0.124557901,3,1.592975043,0.331487174,insig,no,COG0164,11.88436721,11.75980931
0.637802605,1.09017334,0.124557545,3,0.460363831,0.726802944,insig,no,COG1957,12.78489095,12.6603334
1.051200818,1.090094974,0.124453834,3,2.155875447,0.224396885,insig,no,COG0111,10.6498629,10.52540907
0.712728956,1.09001111,0.12434284,3,1.505317404,0.352252682,insig,no,COG0150,11.88282996,11.75848712
1.074261416,1.089879713,0.124168917,3,2.45559944,0.182301781,insig,no,COG0540,11.72386212,11.5996932
0.842933506,1.08979626,0.124058446,3,1.766868137,0.293845938,insig,no,COG0713,11.92190116,11.79784272
0.844172496,1.089732405,0.12397391,3,1.822232214,0.282783096,insig,no,COG0321,12.10963518,11.98566127
0.881419644,1.089243378,0.123326342,3,1.498465348,0.353929679,insig,no,COG0388,10.07683231,9.953505967
0.551298333,1.089209808,0.123281879,3,0.807810296,0.571248233,insig,no,COG0602,12.50990765,12.38662577
0.592172119,1.088744013,0.122664786,3,0.680162859,0.624094819,insig,no,COG0778,10.96308839,10.8404236
0.582412585,1.088640905,0.12252815,3,0.473136645,0.720396639,insig,no,COG0837,12.88367688,12.76114873
0.805382356,1.088614583,0.122493267,3,1.777146853,0.291759825,insig,no,COG1053,10.74081644,10.61832317
0.824752339,1.088360255,0.122156178,3,0.828876399,0.562967523,insig,no,COG0348,12.56161359,12.43945741
1.003040094,1.087672257,0.121243902,3,2.39923111,0.189565574,insig,no,COG0092,11.64681756,11.52557366
0.979693835,1.087415196,0.120902894,3,1.965427814,0.256063262,insig,no,COG0242,11.45024621,11.32934332
1.000566468,1.087380907,0.120857401,3,2.126856515,0.228956192,insig,no,COG0012,11.46770093,11.34684353
0.83702837,1.087131656,0.120526667,3,1.83536595,0.280220431,insig,no,COG0174,10.65026257,10.5297359
0.436590786,1.086813159,0.120103939,3,0.625336427,0.648268588,insig,no,COG3845,12.14111971,12.02101578
0.935839283,1.08669381,0.119945499,3,2.113885899,0.231023914,insig,no,COG0199,11.7520615,11.632116
1.101417143,1.08652766,0.119724901,3,2.899024665,0.134062285,insig,no,COG0171,11.26656245,11.14683755
0.644270035,1.086254276,0.119361856,3,0.899489856,0.536076257,insig,no,COG0123,11.40127617,11.28191431
1.118531448,1.085713159,0.118642999,3,2.903677474,0.13363062,insig,no,COG0691,11.83432334,11.71568034
1.017424894,1.085705203,0.118632427,3,2.43492077,0.184933595,insig,no,COG0081,11.63723915,11.51860672
0.612785165,1.085615138,0.118512743,3,0.598480306,0.660449288,insig,no,COG0318,9.205764712,9.087251969
1.135023738,1.0854844,0.118338992,3,2.781974374,0.145392588,insig,no,COG0165,11.49513685,11.37679786
0.522376423,1.085431611,0.11826883,3,0.97266451,0.509564081,insig,no,COG1197,10.94287252,10.82460369
0.910070477,1.085097065,0.117824102,3,1.643214447,0.320142375,insig,no,COG0119,10.47454071,10.35671661
0.714024497,1.084849694,0.117495171,3,1.470190716,0.360934582,insig,no,COG2877,12.24824406,12.13074889
0.646025405,1.084710419,0.117309943,3,0.675804537,0.625983035,insig,no,COG1561,12.80497146,12.68766152
0.490112342,1.084352658,0.116834033,3,0.776336892,0.583847344,insig,no,COG0788,12.78043428,12.66360025
0.533815389,1.08434104,0.116818575,3,0.982091946,0.506245139,insig,no,COG1005,11.57799914,11.46118057
0.891678637,1.084285668,0.116744902,3,1.78426232,0.29032439,insig,no,COG0136,11.35344651,11.23670161
0.502244718,1.084085417,0.116478433,3,0.516468391,0.699081038,insig,no,COG2079,12.51528278,12.39880434
0.98778836,1.084076855,0.116467039,3,2.294582411,0.203827072,insig,no,COG0519,11.33450749,11.21804046
0.719073869,1.0839784,0.116336009,3,0.508106304,0.703144787,insig,no,COG4584,11.78957693,11.67324092
0.901872728,1.083717531,0.11598877,3,2.095584603,0.233973233,insig,no,COG0541,11.37174564,11.25575687
0.404425902,1.082655019,0.114573611,3,0.581886312,0.668089684,insig,no,COG0826,13.24402912,13.1294555
0.715371688,1.082085035,0.113813877,3,1.396954983,0.379729771,insig,no,COG2911,9.966052074,9.852238197
0.616768895,1.081855216,0.113507437,3,1.186498887,0.43936782,insig,no,COG0836,11.67552315,11.56201572
0.725619614,1.081685577,0.113281199,3,1.529381557,0.346425838,insig,no,COG0131,11.85635686,11.74307566
0.899918382,1.08161669,0.113189319,3,1.62259262,0.324751339,insig,no,COG0028,10.45821755,10.34502823
0.624021042,1.081460764,0.112981324,3,0.73496103,0.600834254,insig,no,COG1940,11.19477701,11.08179569
0.891800439,1.081010839,0.112380988,3,2.020781248,0.246424696,insig,no,COG0344,12.27718745,12.16480646
0.8820867,1.080723598,0.111997592,3,1.170927632,0.444135676,insig,no,COG0014,11.75421581,11.64221822
0.894344855,1.080515772,0.111720131,3,1.066891491,0.477346408,insig,no,COG0516,10.84490898,10.73318885
0.71058224,1.080167782,0.111255423,3,0.716258739,0.608673837,insig,no,COG0363,12.31638919,12.20513377
0.67341975,1.080064365,0.11111729,3,1.17584109,0.442625634,insig,no,COG0489,10.59048746,10.47937017
0.683504979,1.079822995,0.110794844,3,0.653310713,0.635819552,insig,no,COG0405,11.37632835,11.26553351
0.789240401,1.079508681,0.110374846,3,0.643629091,0.640100752,insig,no,COG0514,11.51831638,11.40794154
0.715276534,1.079505041,0.11036998,3,1.45928158,0.363674183,insig,no,COG0277,10.17853371,10.06816373
0.843861849,1.078907962,0.109571798,3,1.830478334,0.281171382,insig,no,COG0184,11.75986034,11.65028854
0.496171586,1.077663977,0.107907406,3,0.412033227,0.75156343,insig,no,COG1454,12.48872457,12.38081717
0.865681216,1.077653622,0.107893544,3,1.510710927,0.350938242,insig,no,COG0695,10.9443563,10.83646275
0.559896778,1.077188459,0.107270679,3,0.488555019,0.712738608,insig,no,COG3193,13.12196377,13.01469309
0.730596041,1.077135757,0.107200091,3,1.497401142,0.354190852,insig,no,COG0564,10.51123692,10.40403683
0.648412855,1.076884391,0.106863377,3,0.452977062,0.730533804,insig,no,COG3000,11.8004123,11.69354892
0.613610206,1.076749945,0.10668325,3,1.147096787,0.451532962,insig,no,COG0560,10.80939802,10.70271477
0.845951887,1.076644797,0.10654236,3,1.884659663,0.270807638,insig,no,COG1160,11.46130992,11.35476756
0.767610076,1.076639135,0.106534772,3,1.550969265,0.3412807,insig,no,COG0133,11.50665404,11.40011926
0.495888928,1.076550721,0.106416292,3,0.638241667,0.642495535,insig,no,COG0385,12.39490794,12.28849165
0.966745642,1.076496692,0.106343886,3,2.013522206,0.247667727,insig,no,COG0067,10.56713402,10.46079014
0.737433402,1.076171202,0.105907607,3,0.32953545,0.795792689,insig,no,COG0444,12.10124225,11.99533464
0.757536827,1.076061157,0.105760074,3,1.593005271,0.331480229,insig,no,COG0151,11.5624546,11.45669453
0.848187094,1.075559308,0.10508708,3,1.649647001,0.318718131,insig,no,COG0268,11.79756126,11.69247418
0.861088775,1.075474301,0.104973051,3,1.28507532,0.410349381,insig,no,COG0285,11.51283383,11.40786078
0.481015412,1.074787216,0.104051067,3,0.74211165,0.597863628,insig,no,COG2907,12.61751741,12.51346635
0.361753943,1.074679663,0.103906689,3,0.58802865,0.66525131,insig,no,COG0553,10.3520946,10.24818791
0.930518848,1.07415047,0.103196104,3,1.714140115,0.304784171,insig,no,COG0537,10.89553566,10.79233956
0.590897057,1.073911187,0.102874687,3,0.706650193,0.612741218,insig,no,COG0725,13.33911751,13.23624283
1.052145257,1.073678084,0.102561501,3,2.327832991,0.199183081,insig,no,COG0064,11.29274533,11.19018383
0.808673566,1.073628252,0.102494541,3,0.714594682,0.609376309,insig,no,COG1922,12.88455375,12.78205921
0.664232336,1.07308045,0.10175824,3,1.255212662,0.41893181,insig,no,COG1195,11.63556919,11.53381095
0.57953462,1.072399004,0.100841784,3,0.570503163,0.673381895,insig,no,COG0412,11.15273644,11.05189466
0.453748513,1.072010043,0.100318422,3,0.692004342,0.618993283,insig,no,COG2947,12.82845285,12.72813442
0.694660558,1.07196303,0.10025515,3,0.927133237,0.525902319,insig,no,COG0573,11.64401316,11.54375801
0.53175461,1.071886213,0.100151764,3,0.573103518,0.672169265,insig,no,COG3039,11.17252662,11.07237485
0.655596608,1.071395363,0.099490957,3,0.586139458,0.666123019,insig,no,COG4412,12.64077189,12.54128093
0.836915721,1.071341337,0.099418206,3,1.869381738,0.273690689,insig,no,COG0059,11.5016062,11.40218799
0.995585318,1.071101668,0.099095425,3,2.174496595,0.221519162,insig,no,COG0013,10.92692561,10.82783019
0.81999897,1.070157249,0.097822802,3,1.543748534,0.342993102,insig,no,COG0552,11.61474672,11.51692392
0.864929304,1.069672531,0.097169198,3,1.520474929,0.34857115,insig,no,COG0704,11.78588093,11.68871173
0.448814574,1.069543978,0.096995805,3,0.723474248,0.60563721,insig,no,COG0806,12.35328193,12.25628613
0.913163517,1.069327835,0.096704223,3,2.094594912,0.234133794,insig,no,COG0261,11.83182312,11.7351189
0.826650586,1.069305357,0.096673896,3,1.65664924,0.317174955,insig,no,COG1117,11.53951137,11.44283747
0.496639862,1.068794895,0.095985021,3,0.356354734,0.781135789,insig,no,COG4618,13.11689767,13.02091265
0.991115245,1.068642783,0.095779682,3,1.740091558,0.299350678,insig,no,COG0148,11.31601029,11.22023061
0.375708581,1.068640852,0.095777074,3,0.51098831,0.701741549,insig,no,COG3336,12.62354451,12.52776743
0.600653048,1.068350026,0.095384398,3,1.142486134,0.452978307,insig,no,COG0396,11.76810808,11.67272368
0.744087463,1.067625986,0.094406326,3,1.542165976,0.343369553,insig,no,COG0356,11.6484867,11.55408037
0.549050787,1.067024055,0.0935927,3,1.037431741,0.487193996,insig,no,COG1828,12.21677493,12.12318223
0.834460361,1.066045882,0.092269532,3,1.858347515,0.275791995,insig,no,COG0563,11.61758632,11.52531679
0.37263189,1.065823866,0.091969044,3,0.349643134,0.784778197,insig,no,COG3666,12.92283743,12.83086839
0.638668091,1.065405596,0.091402764,3,0.587744805,0.665382208,insig,no,COG0744,10.84289162,10.75148885
1.083361158,1.065196551,0.091119662,3,2.65203556,0.159095445,insig,no,COG0443,10.31147487,10.22035521
0.904048093,1.064886235,0.090699311,3,1.56452025,0.338090117,insig,no,COG0442,11.33011272,11.23941341
0.758915143,1.064614138,0.090330631,3,1.213403855,0.431249935,insig,no,COG0801,12.04578192,11.95545129
0.810485734,1.064564992,0.09026403,3,1.620557748,0.325209713,insig,no,COG0105,11.73429289,11.64402886
0.830912181,1.064504015,0.090181391,3,1.845041306,0.278347435,insig,no,COG0522,11.64825051,11.55806912
0.42231108,1.063889825,0.089348755,3,0.530194045,0.69246159,insig,no,COG2834,12.12164742,12.03229866
0.979062595,1.063758254,0.089170326,3,2.09515432,0.234043026,insig,no,COG0264,11.59876667,11.50959634
0.548051223,1.063741225,0.089147231,3,0.947422926,0.518557931,insig,no,COG0677,12.25564258,12.16649535
0.593659118,1.063593362,0.088946678,3,0.798222784,0.575057138,insig,no,COG0557,11.50920772,11.42026105
0.787487074,1.063244541,0.088473448,3,1.320153636,0.400492287,insig,no,COG1154,11.25545634,11.16698289
0.505795138,1.06264629,0.087661464,3,0.79324185,0.577045966,insig,no,COG2896,12.81950862,12.73184715
0.317497192,1.062586892,0.087580821,3,0.53810269,0.688676002,insig,no,COG0507,10.75373547,10.66615465
0.788079515,1.062440828,0.087382494,3,1.697736666,0.308269344,insig,no,COG0154,10.14146937,10.05408687
0.733632058,1.062303489,0.087195988,3,1.32252827,0.399833631,insig,no,COG0469,11.39097243,11.30377645
0.734056941,1.061800561,0.086512808,3,1.43220784,0.370563364,insig,no,COG0004,11.09430585,11.00779304
0.964515706,1.06164632,0.086303223,3,1.985316166,0.252557508,insig,no,COG0176,11.58368061,11.49737739
0.409386784,1.061583841,0.086218316,3,0.474723447,0.719604719,insig,no,COG2962,12.49269523,12.40647691
0.444765702,1.061478505,0.086075157,3,0.252146287,0.83964635,insig,no,COG2141,10.58065325,10.49457809
0.654466396,1.061243408,0.085755593,3,0.363364518,0.777349602,insig,no,COG0007,12.60886704,12.52311144
0.763005218,1.060993058,0.085415217,3,0.962532126,0.513155465,insig,no,COG0858,11.83660416,11.75118894
0.522753385,1.060905686,0.085296407,3,0.989809868,0.503544133,insig,no,COG1086,11.34632131,11.26102491
0.570262658,1.060406464,0.084617369,3,1.009765608,0.496626927,insig,no,COG1077,11.58732416,11.50270679
0.690486397,1.060192116,0.084325718,3,0.405901367,0.754764584,insig,no,COG3464,12.31405556,12.22972984
0.404496822,1.060168929,0.084294165,3,0.274125219,0.82695159,insig,no,COG1946,12.64446941,12.56017524
0.34854436,1.060052163,0.084135259,3,0.596700837,0.661264411,insig,no,COG3211,11.9098812,11.82574594
0.713742073,1.060033384,0.084109701,3,1.116689708,0.461150732,insig,no,COG0465,10.68773767,10.60362797
0.371070832,1.059864784,0.08388022,3,0.60798534,0.656112294,insig,no,COG2802,12.22217453,12.13829431
0.521222164,1.059765344,0.083744855,3,0.796950904,0.575564332,insig,no,COG0511,12.10163531,12.01789046
0.614215821,1.059556174,0.083460077,3,1.073901226,0.475032713,insig,no,COG1826,11.10205131,11.01859124
0.902711004,1.05943522,0.083295376,3,1.444506715,0.367417764,insig,no,COG0124,11.43484739,11.35155201
0.261904842,1.058981859,0.082677875,3,0.428930031,0.742812485,insig,no,COG4603,12.61452504,12.53184717
0.614031138,1.058980458,0.082675967,3,0.257665999,0.836440023,insig,no,COG2942,12.73471567,12.6520397
0.628372954,1.058884587,0.082545351,3,1.093093434,0.468755189,insig,no,COG0759,12.09903168,12.01648633
0.807540415,1.057779714,0.081039213,3,1.759588143,0.295332464,insig,no,COG0682,11.67959201,11.5985528
0.63441653,1.057727073,0.080967415,3,1.16167442,0.446993445,insig,no,COG0062,12.66997946,12.58901205
0.407160589,1.057532028,0.080701357,3,0.727056617,0.604135212,insig,no,COG0381,12.11323693,12.03253557
0.546679633,1.057504531,0.080663845,3,1.010862223,0.496249577,insig,no,COG0135,12.18815324,12.10748939
0.469021228,1.057476367,0.080625422,3,0.777212994,0.5834929,insig,no,COG0807,11.43814699,11.35752157
0.628538845,1.057341168,0.08044096,3,0.298662361,0.81300585,insig,no,COG3866,13.32495164,13.24451068
0.725939411,1.057300774,0.080385844,3,1.15665956,0.448549914,insig,no,COG0821,11.47476242,11.39437658
0.612880637,1.05708623,0.080093066,3,0.783676007,0.580884803,insig,no,COG0008,10.55787164,10.47777858
0.681252618,1.056839894,0.079756832,3,0.503075753,0.705600871,insig,no,COG2067,11.77869054,11.69893371
0.393122868,1.056631183,0.079471892,3,0.557881235,0.679299061,insig,no,COG1841,12.26086276,12.18139086
0.781771689,1.056582117,0.079404898,3,1.256336599,0.418605566,insig,no,COG0015,11.22773488,11.14832999
0.480508967,1.056577762,0.07939895,3,0.367889165,0.774915462,insig,no,COG2183,13.13741267,13.05801372
0.737366883,1.056524609,0.079326371,3,1.302790591,0.405341391,insig,no,COG0185,11.70426358,11.62493721
0.570684604,1.056300003,0.079019638,3,0.304826771,0.809539415,insig,no,COG2267,9.445535648,9.36651601
0.73792872,1.056195287,0.07887661,3,0.554059564,0.681100896,insig,no,COG1246,12.43106286,12.35218625
0.618461539,1.055435988,0.077839082,3,0.707962721,0.612184015,insig,no,COG0760,10.60318266,10.52534358
0.547786026,1.055407899,0.077800687,3,0.671438132,0.627880481,insig,no,COG1183,12.71536983,12.63756914
0.759950634,1.05470348,0.076837456,3,1.453617232,0.365104857,insig,no,COG0180,11.52564001,11.44880255
0.706976435,1.054628851,0.07673537,3,0.334521589,0.793047074,insig,no,COG1201,11.51012728,11.43339191
0.690870675,1.053591006,0.075314935,3,1.25381303,0.419338434,insig,no,COG0805,11.77794459,11.70262966
0.472025308,1.05356916,0.075285021,3,0.260424258,0.834842378,insig,no,COG4772,11.46308707,11.38780205
0.451027968,1.053294107,0.07490833,3,0.696902655,0.616895208,insig,no,COG1765,12.19237258,12.11746425
0.331676177,1.053274423,0.074881369,3,0.345181683,0.787208835,insig,no,COG0398,11.84454815,11.76966678
0.752729194,1.052419946,0.073710496,3,1.607449625,0.328177987,insig,no,COG0231,11.68151181,11.60780131
0.600684906,1.051453277,0.072384743,3,0.599582016,0.65994513,insig,no,COG0624,10.15356736,10.08118261
0.302465373,1.051033511,0.071808668,3,0.508539129,0.702933867,insig,no,COG1643,11.51025353,11.43844486
0.777385326,1.050904468,0.071631528,3,1.099998569,0.466516959,insig,no,COG0069,10.303076,10.23144448
0.609203547,1.050073819,0.070490751,3,1.13228868,0.456191452,insig,no,COG0254,11.78834558,11.71785483
0.436080443,1.049949673,0.070320177,3,0.585577105,0.66638272,insig,no,COG4733,10.77154641,10.70122624
0.692561768,1.049819193,0.070140878,3,1.405190624,0.377568255,insig,no,COG0052,11.65725285,11.58711198
0.656070506,1.04958351,0.06981696,3,0.865760758,0.548756962,insig,no,COG0740,10.87123201,10.80141505
0.686866756,1.049184489,0.069268384,3,1.249396192,0.420624214,insig,no,COG0202,11.32700496,11.25773658
0.422827582,1.048623132,0.068496276,3,0.666786527,0.62990819,insig,no,COG0663,11.95163355,11.88313728
0.374331661,1.048260802,0.067997696,3,0.410290786,0.752471692,insig,no,COG2884,12.43486496,12.36686726
0.691863212,1.048017999,0.067663495,3,1.219058619,0.429562923,insig,no,COG0484,10.13162744,10.06396395
0.567408568,1.047870857,0.067460926,3,0.364216343,0.776890759,insig,no,COG0596,9.959579056,9.89211813
0.546607588,1.047550684,0.067020048,3,0.315507233,0.803568417,insig,no,COG2825,12.5177968,12.45077675
0.846613186,1.047464762,0.066901711,3,0.96188309,0.513386374,insig,no,COG0104,11.33110181,11.2642001
0.820295107,1.047003006,0.066265585,3,1.176831849,0.442321769,insig,no,COG2890,11.22303919,11.1567736
0.851074494,1.046990691,0.066248615,3,0.252973176,0.839165239,insig,no,COG3292,12.05372127,11.98747266
0.550114837,1.046742855,0.065907071,3,0.997561067,0.500845985,insig,no,COG0416,12.2134481,12.14754103
0.613316927,1.046382718,0.065410618,3,0.444765551,0.734703702,insig,no,COG3748,12.89447852,12.8290679
0.446994901,1.045715564,0.06449049,3,0.197661702,0.871962683,insig,no,COG2759,13.01609547,12.95160498
0.453576129,1.045487322,0.064175568,3,0.470270145,0.721829422,insig,no,COG0161,11.5079467,11.44377113
0.761867215,1.045109643,0.063654304,3,1.019078326,0.493431483,insig,no,COG0766,11.4426921,11.37903779
0.156568761,1.044931615,0.063408529,3,0.247600455,0.84229619,insig,no,COG1605,11.50484424,11.44143571
0.428359669,1.044830151,0.063268435,3,0.537400514,0.68901127,insig,no,COG1199,11.76053592,11.69726749
0.452430338,1.044485783,0.062792856,3,0.750136689,0.594547224,insig,no,COG2957,12.30821671,12.24542386
0.298789005,1.044399954,0.062674299,3,0.400299189,0.757701133,insig,no,COG0586,11.80274832,11.74007402
0.521240866,1.044096514,0.062255078,3,0.426210787,0.744213885,insig,no,COG1544,12.02339214,11.96113707
0.335967912,1.043577079,0.061537163,3,0.55935103,0.678607354,insig,no,COG2154,12.19718816,12.135651
0.533007736,1.043430317,0.061334257,3,1.011563102,0.496008551,insig,no,COG0480,10.77294878,10.71161453
0.649666399,1.043346449,0.061218293,3,0.345806694,0.78686787,insig,no,COG0845,9.35613143,9.294913138
0.442462389,1.043012847,0.060756927,3,0.453312132,0.730364155,insig,no,COG0518,11.41736344,11.35660652
0.57675216,1.042542984,0.060106867,3,0.748399461,0.595263582,insig,no,COG0529,11.6741977,11.61409083
0.347212697,1.042525085,0.060082098,3,0.384105732,0.766253821,insig,no,COG2008,12.2446675,12.18458541
0.465184936,1.042349335,0.059838866,3,0.5603051,0.678158732,insig,no,COG0513,10.01302759,9.953188724
0.764830972,1.042244001,0.059693068,3,1.137925578,0.454412499,insig,no,COG0016,11.47537024,11.41567717
0.67970702,1.042126141,0.059529915,3,0.391306106,0.762439038,insig,no,COG2303,11.01867923,10.95914932
0.592421955,1.042025,0.05938989,3,1.092704063,0.468881719,insig,no,COG0056,11.09669242,11.03730253
0.460806556,1.041482958,0.058639232,3,0.630278839,0.646051537,insig,no,COG0723,11.8181754,11.75953617
0.340933286,1.041359717,0.058468505,3,0.517367603,0.698645446,insig,no,COG0854,12.25609981,12.1976313
0.472571725,1.041348903,0.058453524,3,0.275486588,0.826171622,insig,no,COG3616,13.12716904,13.06871552
0.397479381,1.04128497,0.058364947,3,0.55634589,0.68002237,insig,no,COG0122,12.13763498,12.07927003
0.526033834,1.041236775,0.058298171,3,0.873683235,0.545751753,insig,no,COG1894,11.32602831,11.26773014
0.684532982,1.040890039,0.057817669,3,1.258873456,0.417870131,insig,no,COG0653,10.68827603,10.63045836
0.579626228,1.040155452,0.056799156,3,0.311856383,0.805604483,insig,no,COG3063,12.86205973,12.80526057
0.450187574,1.039736393,0.056217804,3,0.460532193,0.726718132,insig,no,COG2897,11.61200753,11.55578973
0.415242925,1.03934286,0.055671652,3,0.662091494,0.63196147,insig,no,COG0034,11.45045372,11.39478207
0.352224086,1.039211397,0.055489157,3,0.384567779,0.766008455,insig,no,COG1704,11.91126306,11.85577391
0.702760037,1.039140343,0.055390513,3,1.057350201,0.48051381,insig,no,COG0544,11.38076562,11.3253751
0.704403923,1.038987663,0.055178524,3,0.213064711,0.862702648,insig,no,COG0384,13.02003517,12.96485664
0.384196377,1.038892462,0.055046325,3,0.236375948,0.848875012,insig,no,COG1762,12.51588933,12.460843
0.571820927,1.038802382,0.054921228,3,0.680016795,0.624158008,insig,no,COG2239,11.59477105,11.53984982
0.279254858,1.038218489,0.054110085,3,0.393208976,0.761434067,insig,no,COG0129,10.50333655,10.44922646
0.412710873,1.038037911,0.053859134,3,0.660545719,0.632638948,insig,no,COG0024,11.2659143,11.21205517
0.475495339,1.037943821,0.053728359,3,0.752481263,0.59358179,insig,no,COG0094,11.66815569,11.61442733
0.626989844,1.037767512,0.053483278,3,0.949815236,0.517698759,insig,no,COG0130,11.62969106,11.57620778
0.378687114,1.037238311,0.052747399,3,0.420380833,0.74722735,insig,no,COG2273,12.12054845,12.06780105
0.588893298,1.037212283,0.052711197,3,0.850797352,0.554478201,insig,no,COG1968,11.68386222,11.63115103
0.379116774,1.037197981,0.052691303,3,0.603355084,0.658221436,insig,no,COG0201,11.33323761,11.28054631
0.455210595,1.037005643,0.052423745,3,0.304556157,0.809691279,insig,no,COG5433,12.81043709,12.75801335
0.536990591,1.036724351,0.052032355,3,0.212225216,0.863204795,insig,no,COG2308,11.90529745,11.85326509
0.506159021,1.036593298,0.051849972,3,0.183836852,0.880358564,insig,no,COG0846,12.59686623,12.54501626
0.71482679,1.036583474,0.051836298,3,1.028339017,0.49027428,insig,no,COG0216,11.39525918,11.34342288
0.583342244,1.036537313,0.051772051,3,1.090859113,0.469481719,insig,no,COG0112,11.38828459,11.33651254
0.27167502,1.036523761,0.051753189,3,0.42046071,0.74718598,insig,no,COG2104,12.75300729,12.7012541
0.461085171,1.036379757,0.051552741,3,0.083554225,0.943729806,insig,no,COG4963,12.9276111,12.87605836
0.334546461,1.036281814,0.051416393,3,0.502555625,0.705855304,insig,no,COG1519,12.33437859,12.2829622
0.432870422,1.035568627,0.050423164,3,0.471841986,0.721043405,insig,no,COG0698,12.13876787,12.0883447
0.72613377,1.035518623,0.0503535,3,0.744922169,0.596700062,insig,no,COG0769,11.18079058,11.13043708
0.317942206,1.035170282,0.049868106,3,0.472061062,0.720933922,insig,no,COG1044,12.05261277,12.00274466
0.490023214,1.034907905,0.04950239,3,0.833809823,0.561045693,insig,no,COG0057,11.15038527,11.10088288
0.25236799,1.034753087,0.049286553,3,0.38270362,0.766998882,insig,no,COG1932,11.9690878,11.91980124
0.352231936,1.034578356,0.049042915,3,0.496685005,0.708733425,insig,no,COG0178,10.29322425,10.24418134
0.582315733,1.034328838,0.048694926,3,1.037498682,0.487171391,insig,no,COG1196,9.635510436,9.58681551
0.513582964,1.034316002,0.048677021,3,0.272472081,0.827899711,insig,no,COG2326,11.97174974,11.92307272
0.711444429,1.034248926,0.04858346,3,0.478703452,0.717622261,insig,no,COG3307,11.24528867,11.19670521
0.63586795,1.033866856,0.048050404,3,0.654160955,0.635444947,insig,no,COG1322,11.74281259,11.69476219
0.501449085,1.03352869,0.047578438,3,0.200051897,0.870519248,insig,no,COG1171,11.33709243,11.28951399
0.492548065,1.033475758,0.047504549,3,0.881494719,0.542804762,insig,no,COG1158,11.17623497,11.12873042
0.275475427,1.033172363,0.047080958,3,0.423238488,0.745748726,insig,no,COG1066,11.9176921,11.87061114
0.510048882,1.033101179,0.046981555,3,0.262509815,0.833636404,insig,no,COG0483,10.55999795,10.51301639
0.512148095,1.032549139,0.046210442,3,0.466388237,0.723774289,insig,no,COG1714,12.48647424,12.4402638
0.331520564,1.032359333,0.045945216,3,0.506050937,0.704147252,insig,no,COG0291,11.67843493,11.63248971
0.337305274,1.032301403,0.045864259,3,0.134529007,0.910967186,insig,no,COG0402,11.7252897,11.67942544
0.462597278,1.032282321,0.04583759,3,0.564035994,0.676407239,insig,no,COG0567,10.86277417,10.81693658
0.536068003,1.032190883,0.045709792,3,0.574398567,0.671566157,insig,no,COG0697,9.136673509,9.090963717
0.711264454,1.03179267,0.045153102,3,0.576212431,0.670722344,insig,no,COG1004,11.14064669,11.09549359
0.550898264,1.03172046,0.045052131,3,0.580449165,0.668755536,insig,no,COG0525,10.87238312,10.82733099
0.464732417,1.031717562,0.045048079,3,0.309526581,0.806906501,insig,no,COG2329,12.74985575,12.70480767
0.526683334,1.031315453,0.044485683,3,0.144968663,0.904399022,insig,no,COG1884,11.32044268,11.27595699
0.600526584,1.03114382,0.044245569,3,0.60857372,0.655844764,insig,no,COG0855,11.19271833,11.14847276
0.666624237,1.030459366,0.043287616,3,0.63039221,0.64600077,insig,no,COG0329,10.880618,10.83733039
0.308456478,1.03018458,0.042902851,3,0.400887305,0.757392319,insig,no,COG2831,12.81829731,12.77539446
0.241538727,1.030145386,0.042847962,3,0.30485648,0.809522744,insig,no,COG1559,12.27315998,12.23031202
0.498291409,1.03006292,0.042732465,3,0.725526884,0.604776135,insig,no,COG0078,11.63510841,11.59237594
0.393547701,1.030028976,0.042684923,3,0.604228197,0.657823204,insig,no,COG0290,11.7290098,11.68632488
0.56956955,1.029963397,0.042593067,3,0.194629154,0.873797477,insig,no,COG0475,11.02660827,10.9840152
0.536731228,1.029861022,0.042449661,3,0.207499193,0.866037143,insig,no,COG1999,11.99381695,11.95136729
0.426041759,1.029332011,0.041708399,3,0.33610879,0.792175073,insig,no,COG1131,9.601302171,9.559593772
0.386011226,1.0293122,0.041680632,3,0.413384265,0.750859944,insig,no,COG3288,11.0008064,10.95912577
0.547215094,1.029076819,0.041350682,3,0.118054261,0.92142953,insig,no,COG1760,13.25120483,13.20985414
0.354059381,1.028864441,0.041052911,3,0.530445505,0.692340906,insig,no,COG0320,11.5997129,11.55865999
0.416538354,1.028551324,0.040613785,3,0.519460777,0.697632532,insig,no,COG1496,12.25658683,12.21597305
0.524735942,1.028539082,0.040596614,3,0.141654728,0.906478855,insig,no,COG1596,11.63406439,11.59346778
0.430828221,1.028082584,0.039956159,3,0.683281783,0.622747063,insig,no,COG1185,10.82064371,10.78068755
0.423673379,1.027965162,0.039791373,3,0.496051516,0.709044699,insig,no,COG0074,11.482955,11.44316362
0.719882301,1.027754773,0.039496071,3,0.596949216,0.661150575,insig,no,COG0328,11.81035315,11.77085708
0.268315435,1.02750785,0.039149415,3,0.213552511,0.862411002,insig,no,COG0666,12.3767219,12.33757248
0.277393349,1.027309837,0.038871364,3,0.292538021,0.816464452,insig,no,COG2919,12.16676729,12.12789593
0.631045669,1.027201747,0.038719561,3,0.136435855,0.909763932,insig,no,COG1173,10.91842068,10.87970112
0.482639367,1.027187187,0.038699111,3,0.463182624,0.725384275,insig,no,COG1845,11.23568608,11.19698697
0.233875181,1.026890766,0.038282725,3,0.368332538,0.774677349,insig,no,COG2352,11.78306453,11.74478181
0.629016476,1.026880184,0.038267859,3,0.316231611,0.803165046,insig,no,COG0550,10.70820877,10.66994091
0.421286867,1.026549021,0.037802522,3,0.391203034,0.762493512,insig,no,COG0386,12.06252137,12.02471885
0.494278865,1.02597587,0.0369968,3,0.154133538,0.898671941,insig,no,COG1508,12.16107778,12.12408098
0.215040079,1.025725349,0.036644482,3,0.264692341,0.832376223,insig,no,COG5434,12.16563077,12.12898629
0.820095173,1.025547786,0.036394716,3,0.501042464,0.706596024,insig,no,COG0018,11.18673473,11.15034002
0.399626987,1.025524884,0.036362499,3,0.220495654,0.858270517,insig,no,COG1749,12.26543974,12.22907724
0.47752643,1.025441795,0.036245605,3,0.244799225,0.843933235,insig,no,COG1051,10.31801408,10.28176847
0.254982766,1.025376185,0.036153296,3,0.067939569,0.95399951,insig,no,COG4636,11.4879901,11.4518368
0.706003126,1.025245804,0.035969839,3,0.33478913,0.792900022,insig,no,COG4252,12.64204945,12.60607961
0.258800274,1.025244505,0.035968012,3,0.304915097,0.809489854,insig,no,COG3346,12.09331135,12.05734334
0.605365268,1.024580263,0.035033005,3,0.123909244,0.91769761,insig,no,COG0601,10.81825719,10.78322419
0.437020926,1.024559093,0.035003196,3,0.136981442,0.90941995,insig,no,COG1020,11.36076337,11.32576018
0.613140548,1.024479367,0.034890929,3,0.684120466,0.622385146,insig,no,COG1219,11.21854918,11.18365825
0.245467781,1.024430763,0.034822482,3,0.342329262,0.788766802,insig,no,COG0225,11.22715928,11.19233679
0.268560809,1.024115352,0.034378223,3,0.334962882,0.792804534,insig,no,COG0486,11.75328019,11.71890196
0.570086657,1.023803817,0.033939291,3,0.417675117,0.74863006,insig,no,COG1587,12.13732948,12.10339019
0.572532038,1.023531263,0.03355517,3,0.148511666,0.902180704,insig,no,COG1028,7.816838469,7.7832833
0.481531096,1.023033795,0.032853804,3,0.707146985,0.612530257,insig,no,COG1674,10.84507138,10.81221758
0.298951692,1.022774611,0.032488254,3,0.326458979,0.797491485,insig,no,COG1995,12.10385877,12.07137051
0.418007331,1.021818349,0.031138748,3,0.380544696,0.768147518,insig,no,COG0361,11.60063287,11.56949413
0.662281468,1.021391276,0.030535642,3,0.477198508,0.718371237,insig,no,COG0532,10.91094803,10.88041239
0.493899144,1.021188967,0.030249856,3,0.080441237,0.945768346,insig,no,COG0687,11.70809099,11.67784114
0.568595741,1.020989186,0.029967586,3,0.15874892,0.895801558,insig,no,COG2982,11.94376454,11.91379695
0.240324396,1.020522525,0.029308026,3,0.38400763,0.766305927,insig,no,COG0333,12.01324316,11.98393514
0.22835998,1.020498405,0.029273928,3,0.172995971,0.886998782,insig,no,COG2177,12.42660343,12.39732951
0.632843898,1.02031749,0.029018142,3,0.341270931,0.789345638,insig,no,COG0343,11.48803071,11.45901256
0.313392773,1.020259833,0.028936616,3,0.458434888,0.72777536,insig,no,COG0499,11.20172965,11.17279304
0.44330643,1.020257695,0.028933591,3,0.159549589,0.895304543,insig,no,COG0708,11.07158909,11.04265549
0.549592329,1.020233351,0.028899168,3,0.143198245,0.905509545,insig,no,COG1357,11.39498175,11.36608259
0.175155308,1.019878038,0.028396638,3,0.264641089,0.832405794,insig,no,COG0774,12.15191487,12.12351823
0.390134935,1.019837299,0.028339008,3,0.351249098,0.783905092,insig,no,COG0479,11.44307846,11.41473946
0.203195385,1.019571809,0.027963388,3,0.325538733,0.79800034,insig,no,COG1905,11.917124,11.88916062
0.339550555,1.019384785,0.027698726,3,0.456105751,0.728951255,insig,no,COG0597,11.79373617,11.76603745
0.512302144,1.019183427,0.027413723,3,0.280307443,0.823415526,insig,no,COG0717,11.82316016,11.79574644
0.493932186,1.019080366,0.027267828,3,0.596705035,0.661262486,insig,no,COG0542,9.732443473,9.705175645
0.370766655,1.019053736,0.027230129,3,0.510840134,0.701813627,insig,no,COG0441,11.02426686,10.99703674
0.519913094,1.018395363,0.026297755,3,0.088215934,0.940685301,insig,no,COG2185,11.69461872,11.66832097
0.541499165,1.017761831,0.025399992,3,0.092322748,0.938011329,insig,no,COG1652,13.18382672,13.15842672
0.649340935,1.017734583,0.025361367,3,0.221922843,0.857421892,insig,no,COG1409,10.68409956,10.6587382
0.404823796,1.016785479,0.024015332,3,0.271315416,0.828563736,insig,no,COG1146,11.57885594,11.55484061
0.211598738,1.016710285,0.023908637,3,0.234663229,0.849883366,insig,no,COG0152,11.68509777,11.66118914
0.464330997,1.016596981,0.023747851,3,0.101102588,0.932320188,insig,no,COG2936,13.13376181,13.11001396
0.425615513,1.016501755,0.023612706,3,0.097624149,0.934570789,insig,no,COG4147,12.37388125,12.35026855
0.56852121,1.016493764,0.023601364,3,0.069375253,0.953050619,insig,no,COG3040,12.66083408,12.63723271
0.275273935,1.016116586,0.023065942,3,0.382950397,0.766867696,insig,no,COG0055,11.08103353,11.05796758
0.515870375,1.015676157,0.02244048,3,0.100328858,0.932820334,insig,no,COG0688,12.44591956,12.42347908
0.623701794,1.015495623,0.022184022,3,0.163398025,0.892919471,insig,no,COG0726,10.78492506,10.76274103
0.172693104,1.015305716,0.021914199,3,0.161325386,0.8942032,insig,no,COG1137,12.096573,12.0746588
0.195545474,1.015242706,0.021824662,3,0.14103321,0.906869453,insig,no,COG1524,11.60930509,11.58748042
0.664525927,1.015173403,0.021726177,3,0.285780786,0.820297544,insig,no,COG2812,11.18380994,11.16208376
0.651431903,1.014579187,0.020881471,3,0.289075326,0.818426449,insig,no,COG0143,11.21573559,11.19485412
0.294317909,1.014413223,0.020645456,3,0.278258053,0.824586043,insig,no,COG0706,11.33763521,11.31698975
0.389791264,1.014368722,0.020582165,3,0.193804929,0.874296829,insig,no,COG0636,11.82944903,11.80886686
0.65211115,1.013699217,0.019629642,3,0.107040509,0.928490781,insig,no,COG2873,12.09398478,12.07435514
0.43835562,1.013232753,0.018965618,3,0.285882664,0.82023962,insig,no,COG0212,12.06692925,12.04796364
0.48834181,1.012297561,0.017633426,3,0.056697675,0.961462388,insig,no,COG2030,10.74009277,10.72245935
0.34103791,1.012257422,0.017576221,3,0.333150591,0.793801068,insig,no,COG0605,11.39727814,11.37970192
0.26144904,1.012141319,0.017410738,3,0.15626824,0.897343192,insig,no,COG1290,11.4278406,11.41042987
0.327488944,1.011862873,0.01701379,3,0.099072726,0.933632879,insig,no,COG0144,11.30138227,11.28436848
0.72127957,1.011435369,0.016404134,3,0.078106406,0.9473002,insig,no,COG0615,12.0372904,12.02088627
0.149440136,1.009967405,0.014308734,3,0.191672086,0.875590322,insig,no,COG0220,11.77295181,11.75864308
0.311060551,1.009865551,0.014163231,3,0.220314523,0.85837828,insig,no,COG0508,9.687797158,9.673633926
0.587582076,1.009727646,0.013966207,3,0.07401427,0.949990986,insig,no,COG2230,11.22753284,11.21356663
0.486674127,1.009483691,0.013617603,3,0.231711814,0.851623807,insig,no,COG0060,10.74249322,10.72887562
0.109797496,1.009391177,0.013485381,3,0.150981229,0.900637698,insig,no,COG0006,10.84467072,10.83118534
0.552886791,1.009123528,0.013102787,3,0.159753309,0.895178127,insig,no,COG1304,11.62680475,11.61370196
0.133627177,1.009120222,0.013098061,3,0.060858939,0.958693171,insig,no,COG1391,11.9149664,11.90186834
0.116464881,1.009079096,0.013039264,3,0.080539518,0.94570392,insig,no,COG1814,12.44151515,12.42847589
0.399522017,1.008937478,0.012836776,3,0.0935902,0.937187619,insig,no,COG4122,10.81060758,10.79777081
0.422036487,1.008446416,0.012134427,3,0.053390723,0.963668784,insig,no,COG0364,12.01442328,12.00228885
0.487564542,1.00844338,0.012130085,3,0.048851832,0.966705375,insig,no,COG0332,11.19665035,11.18452026
0.424778542,1.008442932,0.012129444,3,0.165345694,0.891714824,insig,no,COG0820,11.44687938,11.43474994
0.589170038,1.008251165,0.011855072,3,0.078331236,0.947152584,insig,no,COG2246,13.12754341,13.11568834
0.174814636,1.008185475,0.011761074,3,0.078448371,0.947075686,insig,no,COG1902,10.83567368,10.8239126
0.103097319,1.008181788,0.011755799,3,0.145513745,0.904057385,insig,no,COG0527,11.07653567,11.06477987
0.516813754,1.008123508,0.011672399,3,0.047812976,0.967401731,insig,no,COG4221,10.81105385,10.79938145
0.546637984,1.007893917,0.0113438,3,0.034619401,0.976289283,insig,no,COG2740,13.11951965,13.10817585
0.666371565,1.007343648,0.010555932,3,0.07718277,0.94790687,insig,no,COG0662,11.2344182,11.22386227
0.16800547,1.007250253,0.010422168,3,0.067130743,0.954534506,insig,no,COG1451,12.38233221,12.37191004
0.241977384,1.007163993,0.010298611,3,0.084085103,0.9433826,insig,no,COG0249,11.35226696,11.34196835
0.51308027,1.006631587,0.009535774,3,0.035731003,0.975537338,insig,no,COG1281,12.70585405,12.69631827
0.142319443,1.006311358,0.009076752,3,0.129872147,0.913912438,insig,no,COG0681,11.35637879,11.34730204
0.296184829,1.006222347,0.008949135,3,0.06851641,0.953618144,insig,no,COG2041,12.19659753,12.18764839
0.486942252,1.006028685,0.008671441,3,0.082736768,0.944264693,insig,no,COG0138,11.28417131,11.27549987
0.056057336,1.005773179,0.008304987,3,0.082880406,0.944170684,insig,no,COG0229,11.45797889,11.4496739
0.655441511,1.005670966,0.008158363,3,0.044796965,0.969426238,insig,no,COG0110,11.48314992,11.47499155
0.200343378,1.005509791,0.00792713,3,0.034916834,0.976088027,insig,no,COG1744,12.45987547,12.45194834
0.406814837,1.005044488,0.007259363,3,0.034896951,0.97610148,insig,no,COG4783,12.22653481,12.21927545
0.494339107,1.005042078,0.007255903,3,0.035041293,0.976003825,insig,no,COG0531,10.73537564,10.72811974
0.448404899,1.004280899,0.00616285,3,0.093338541,0.937351113,insig,no,COG0504,11.31970939,11.31354654
0.534153941,1.003929107,0.005657396,3,0.027500811,0.981118424,insig,no,COG3509,12.93422648,12.92856908
0.699538416,1.001926946,0.002777321,3,0.007638829,0.99471916,insig,no,COG3752,12.96979246,12.96701514
0.06861121,1.001862347,0.0026843,3,0.0064467,0.995541457,insig,no,COG2606,13.26035447,13.25767017
0.513764745,1.00158928,0.002291027,3,0.009635012,0.99334377,insig,no,COG1463,11.67275665,11.67046562
0.28190793,1.00136516,0.001968167,3,0.020072336,0.986183256,insig,no,COG1034,11.30328927,11.30132111
0.157789836,1.001217947,0.001756057,3,0.010808465,0.992536137,insig,no,COG4177,11.0420932,11.04033714
0.466331616,1.00045097,0.000650465,3,0.002288707,0.998414847,insig,no,COG2301,12.20675325,12.20610278
0.758204457,1.00044628,0.000643702,3,0.005690052,0.996063724,insig,no,COG0495,10.73526792,10.73462422
0.330200019,0.998461553,-0.00222122,3,0.028729112,0.980283461,insig,no,COG1217,11.09361209,11.09583331
0.489467703,0.998449916,-0.002238033,3,0.006450845,0.995538597,insig,no,COG2070,11.45486772,11.45710576
0.18224493,0.998330525,-0.002410557,3,0.009324811,0.993557377,insig,no,COG0578,12.46151008,12.46392064
0.268024975,0.998261045,-0.002510965,3,0.01727538,0.988097027,insig,no,COG0683,10.55261874,10.55512971
0.443447507,0.997890503,-0.003046575,3,0.017645522,0.98784355,insig,no,COG0179,10.7951203,10.79816688
0.507950746,0.997866243,-0.003081649,3,0.008176988,0.994348176,insig,no,COG4544,13.10610092,13.10918257
0.55494985,0.99757766,-0.003498938,3,0.013715867,0.990537935,insig,no,COG0800,12.30649977,12.30999871
0.616588678,0.99757036,-0.003509495,3,0.013433425,0.990731876,insig,no,COG1512,12.96438382,12.96789331
0.442863821,0.997555619,-0.003530814,3,0.035344919,0.975798439,insig,no,COG0424,11.28793746,11.29146827
0.446915452,0.99740044,-0.003755255,3,0.031938594,0.978105104,insig,no,COG1054,12.00971216,12.01346742
0.597099233,0.997210365,-0.004030217,3,0.011236306,0.992241837,insig,no,COG3670,12.75486283,12.75889305
0.029121828,0.997210167,-0.004030503,3,0.042809784,0.970762454,insig,no,COG0039,11.55719067,11.56122117
0.53314719,0.997141446,-0.004129927,3,0.040477848,0.972332839,insig,no,COG0739,10.12008758,10.12421751
0.254644971,0.997072643,-0.004229476,3,0.015338311,0.98942461,insig,no,COG0370,12.56170779,12.56593727
0.566071591,0.99704982,-0.0042625,3,0.013744308,0.990518408,insig,no,COG0790,11.18653768,11.19080018
0.643361437,0.99704443,-0.0042703,3,0.031263387,0.978562982,insig,no,COG0520,10.98463657,10.98890687
0.436758205,0.996834202,-0.004574526,3,0.053856518,0.963357699,insig,no,COG0188,10.02058533,10.02515985
0.409357955,0.99677403,-0.004661614,3,0.035732502,0.975536324,insig,no,COG1282,11.54368479,11.54834641
0.279963512,0.996138161,-0.005582242,3,0.067671856,0.954176555,insig,no,COG0316,11.08806642,11.09364866
0.435142832,0.996114946,-0.005615864,3,0.021050302,0.985514974,insig,no,COG1024,9.167421327,9.173037191
0.429424871,0.995640715,-0.006302867,3,0.092293233,0.938030519,insig,no,COG0137,11.37319225,11.37949511
0.654251146,0.995636381,-0.006309147,3,0.03365543,0.976941831,insig,no,COG0523,11.7143524,11.72066154
0.075619314,0.994654141,-0.007733133,3,0.083218835,0.943949226,insig,no,COG0349,11.32332853,11.33106167
0.512146492,0.994343403,-0.008183912,3,0.027887775,0.9808553,insig,no,COG2967,13.05776767,13.06595158
0.099395813,0.993457934,-0.009469214,3,0.145104731,0.904313727,insig,no,COG0539,11.02835431,11.03782353
0.109606345,0.993434337,-0.009503481,3,0.157842286,0.896364684,insig,no,COG4992,11.27157838,11.28108186
0.508019305,0.993321915,-0.009666754,3,0.098190893,0.934203728,insig,no,COG0317,10.93671678,10.94638354
0.143830024,0.993237157,-0.009789861,3,0.098220716,0.934184416,insig,no,COG1686,11.53564634,11.5454362
0.082292636,0.9932075,-0.009832939,3,0.11823786,0.921312275,insig,no,COG0115,10.39121693,10.40104986
0.192492536,0.993125333,-0.009952297,3,0.124145333,0.917547446,insig,no,COG2127,11.88329423,11.89324653
0.645446094,0.992555105,-0.010780895,3,0.046703127,0.968146228,insig,no,COG1878,13.15045282,13.16123372
0.397383525,0.992154728,-0.011362967,3,0.041968423,0.971328755,insig,no,COG2813,12.32917702,12.34053998
0.200093789,0.991382598,-0.01248616,3,0.157289506,0.896708199,insig,no,COG1080,10.84166635,10.85415251
0.776863058,0.991338383,-0.012550504,3,0.130812793,0.913316756,insig,no,COG1207,11.62319404,11.63574454
0.411736126,0.990413614,-0.013896949,3,0.067615241,0.954214,insig,no,COG0120,12.93093077,12.94482772
0.315181675,0.99022511,-0.014171561,3,0.181690758,0.881669124,insig,no,COG0206,11.45254744,11.466719
0.565756136,0.990193013,-0.014218326,3,0.062339173,0.957710037,insig,no,COG3206,11.10468709,11.11890542
0.633677533,0.989735659,-0.014884837,3,0.04730006,0.967745728,insig,no,COG0747,10.68561187,10.70049671
0.190746334,0.989382257,-0.015400067,3,0.131885685,0.9126378,insig,no,COG3333,12.24734874,12.26274881
0.271425429,0.989228134,-0.015624823,3,0.093936936,0.936962403,insig,no,COG0366,10.33061498,10.34623981
0.409799166,0.989119789,-0.015782844,3,0.071332363,0.95175862,insig,no,COG0841,9.448147572,9.463930416
0.198865631,0.988414024,-0.016812615,3,0.15165127,0.900219506,insig,no,COG1530,10.94766576,10.96447837
0.583511418,0.988053779,-0.017338527,3,0.058179575,0.960475304,insig,no,COG1970,12.65705343,12.67439196
0.606493117,0.987919673,-0.017534352,3,0.150525039,0.900922531,insig,no,COG0714,10.24474767,10.26228203
0.691558552,0.987749527,-0.017782844,3,0.054076914,0.963210541,insig,no,COG3631,12.07577691,12.09355975
0.133691855,0.987615464,-0.017978669,3,0.197580139,0.87201198,insig,no,COG2084,10.98786873,11.00584739
0.175062986,0.987585985,-0.018021732,3,0.122376569,0.918673062,insig,no,COG0572,12.59607995,12.61410169
0.241016807,0.986679924,-0.019345941,3,0.120349338,0.919964861,insig,no,COG1012,8.680101544,8.699447485
0.508435931,0.986351864,-0.0198257,3,0.388175485,0.764095313,insig,no,COG0847,11.09237549,11.11220119
0.661314127,0.98592813,-0.020445611,3,0.104385136,0.930201302,insig,no,COG4589,12.86580887,12.88625448
0.142376933,0.984824419,-0.02206156,3,0.141331763,0.906681804,insig,no,COG0559,11.01939537,11.04145693
0.436788936,0.984016321,-0.023245851,3,0.158115125,0.896195181,insig,no,COG0304,10.75660645,10.7798523
0.387035896,0.983786152,-0.023583347,3,0.055652897,0.962158916,insig,no,COG2192,13.26229797,13.28588132
0.216252864,0.983783078,-0.023587855,3,0.332515421,0.794150629,insig,no,COG0719,10.56077395,10.5843618
0.565929624,0.983765156,-0.023614137,3,0.083932461,0.943482418,insig,no,COG4249,11.56424993,11.58786407
0.213029866,0.983306196,-0.024287362,3,0.331938507,0.794468262,insig,no,COG0330,10.67548162,10.69976899
0.180378434,0.983026589,-0.024697656,3,0.142773515,0.905776167,insig,no,COG1009,10.63026398,10.65496164
0.412704429,0.982998239,-0.024739263,3,0.112214159,0.925167082,insig,no,COG2816,12.72456011,12.74929937
0.695958077,0.982963158,-0.02479075,3,0.080089108,0.945999215,insig,no,COG3547,11.50542041,11.53021116
0.276919002,0.982711712,-0.025159844,3,0.124153674,0.917542142,insig,no,COG4166,11.97935733,12.00451717
0.37490594,0.981900084,-0.026351869,3,0.101888479,0.931812456,insig,no,COG1925,12.59161349,12.61796535
0.486280669,0.981711713,-0.026628667,3,0.069985098,0.952647838,insig,no,COG4409,12.20205522,12.22868389
0.357214703,0.981566745,-0.026841722,3,0.313436947,0.804722375,insig,no,COG0086,10.1010429,10.12788463
0.284229663,0.981151951,-0.027451511,3,0.253949693,0.838597426,insig,no,COG0517,9.793021826,9.820473337
0.264301063,0.980380422,-0.02858642,3,0.121235381,0.919400031,insig,no,COG1272,12.59397699,12.62256341
0.186617164,0.98027139,-0.028746877,3,0.295211531,0.814952834,insig,no,COG2220,11.96220623,11.9909531
0.760049442,0.979395026,-0.030037226,3,0.223196894,0.856665032,insig,no,COG0756,12.01380625,12.04384348
0.30783912,0.979303862,-0.03017152,3,0.122969813,0.918295377,insig,no,COG4232,11.81874023,11.84891175
0.506225873,0.979279402,-0.030207556,3,0.185732803,0.87920238,insig,no,COG0604,10.08699837,10.11720593
0.273636442,0.978826917,-0.03087432,3,0.225322908,0.855403546,insig,no,COG2945,12.16173866,12.19261298
0.272617042,0.978819437,-0.030885345,3,0.121141618,0.919459785,insig,no,COG1319,13.06909982,13.09998517
0.57141576,0.978591184,-0.03122181,3,0.154999886,0.898132444,insig,no,COG2148,11.30672706,11.33794887
0.318313258,0.978061382,-0.032003085,3,0.275316044,0.826269291,insig,no,COG0633,11.68427712,11.71628021
0.640945775,0.978032558,-0.032045603,3,0.138687454,0.90834518,insig,no,COG1917,11.57853293,11.61057853
0.349079123,0.977976919,-0.032127678,3,0.50515095,0.704586653,insig,no,COG0195,11.27366923,11.30579691
0.188553385,0.97763314,-0.032634904,3,0.286310227,0.819996566,insig,no,COG1434,12.06541229,12.0980472
0.677164431,0.977584969,-0.032705992,3,0.200680359,0.870140118,insig,no,COG0213,13.09243282,13.12513881
0.596441071,0.977358345,-0.033040477,3,0.148662398,0.902086449,insig,no,COG3264,12.97406948,13.00710996
0.457778429,0.977308277,-0.033114384,3,0.099539186,0.933331061,insig,no,COG3827,13.03009584,13.06321022
0.557031678,0.977043804,-0.03350485,3,0.190818337,0.876108627,insig,no,COG0474,11.58216967,11.61567452
0.361088164,0.976060138,-0.034958055,3,0.386152025,0.765167751,insig,no,COG0757,12.12942318,12.16438124
0.592398274,0.976049975,-0.034973078,3,0.266535836,0.83131328,insig,no,COG0592,11.14969023,11.18466331
0.46346275,0.97567554,-0.035526634,3,0.511493693,0.701495769,insig,no,COG1052,10.86155768,10.89708431
0.516269858,0.975604931,-0.035631045,3,0.323353993,0.799209705,insig,no,COG1430,12.47285356,12.5084846
0.623584006,0.975116448,-0.03635358,3,0.345129687,0.787237207,insig,no,COG1040,11.80917539,11.84552897
0.778020987,0.97500859,-0.036513166,3,0.13007058,0.913786745,insig,no,COG1033,12.21638766,12.25290083
0.47878936,0.974841904,-0.036759827,3,0.166037326,0.891287436,insig,no,COG1874,12.83347752,12.87023734
0.268412329,0.974155685,-0.03777574,3,0.444131773,0.735026529,insig,no,COG0556,10.88474468,10.92252042
0.434545976,0.973206159,-0.039182644,3,0.489508519,0.712267704,insig,no,COG0481,10.94715866,10.9863413
0.420374546,0.973113323,-0.039320273,3,0.155143266,0.898043189,insig,no,COG0243,11.55039683,11.5897171
0.21070643,0.972921988,-0.039603966,3,0.265254898,0.832051713,insig,no,COG0411,11.27284509,11.31244906
0.714070428,0.97287422,-0.0396748,3,0.126299626,0.916178348,insig,no,COG1296,12.37682318,12.41649798
0.364131229,0.972643079,-0.040017603,3,0.347097172,0.786164339,insig,no,COG0140,12.16735911,12.20737672
0.411615915,0.972594897,-0.040089073,3,0.377642267,0.769694441,insig,no,COG3808,11.33518498,11.37527405
0.492195014,0.972535514,-0.040177161,3,0.421897121,0.746442419,insig,no,COG1523,11.9955738,12.03575096
0.369527209,0.972535146,-0.040177708,3,0.6186843,0.651264593,insig,no,COG0173,11.293389,11.3335667
0.389261479,0.972514638,-0.040208129,3,0.374469607,0.771388954,insig,no,COG0113,12.01697535,12.05718347
0.196190027,0.972119359,-0.040794633,3,0.187845425,0.877915855,insig,no,COG5470,12.26072965,12.30152428
0.47498255,0.971740594,-0.041356856,3,0.25521793,0.83786056,insig,no,COG1853,11.69284953,11.73420639
0.24847863,0.971448263,-0.041790931,3,0.375988487,0.770577258,insig,no,COG0795,11.15238831,11.19417925
0.245297717,0.971410261,-0.04184737,3,0.359829914,0.779256444,insig,no,COG2867,12.41193703,12.4537844
0.359852424,0.97094797,-0.042534107,3,0.245492874,0.843527569,insig,no,COG0779,12.38391207,12.42644618
0.407950513,0.970780769,-0.042782565,3,0.146156545,0.903654667,insig,no,COG1344,10.6695226,10.71230516
0.472988954,0.970565488,-0.043102535,3,0.550382381,0.682839121,insig,no,COG0365,10.28523992,10.32834245
0.557651028,0.970484707,-0.043222616,3,0.416494902,0.749242737,insig,no,COG2171,11.85322026,11.89644287
0.27459938,0.970447157,-0.043278438,3,0.45266938,0.730689621,insig,no,COG0181,12.1250937,12.16837214
0.50479328,0.970017738,-0.043916966,3,0.155028061,0.898114904,insig,no,COG1247,11.57251835,11.61643531
0.462332876,0.969644808,-0.044471726,3,0.601411942,0.659108581,insig,no,COG0702,10.6830437,10.72751542
0.611972662,0.96946908,-0.044733208,3,0.126635914,0.915964815,insig,no,COG2386,13.1692357,13.21396891
0.605379925,0.96929024,-0.04499937,3,0.254512612,0.838270281,insig,no,COG1484,11.85601241,11.90101178
0.267512532,0.968892476,-0.045591526,3,0.382800919,0.766947155,insig,no,COG0501,10.82849482,10.87408635
0.36824033,0.968608524,-0.046014395,3,0.320063992,0.801034346,insig,no,COG4591,11.47865361,11.52466801
0.382525,0.968560899,-0.046085333,3,0.433324153,0.740553489,insig,no,COG0623,11.6456957,11.69178103
0.351462226,0.96815268,-0.046693514,3,0.448230365,0.732941335,insig,no,COG0063,12.11634797,12.16304148
0.314493142,0.967808575,-0.047206373,3,0.502260231,0.705999843,insig,no,COG1521,12.10053627,12.14774264
0.582320396,0.967432646,-0.047766872,3,0.729825751,0.602976737,insig,no,COG0458,10.58112348,10.62889035
0.576109993,0.966694412,-0.048868193,3,0.215796446,0.861070671,insig,no,COG0155,12.30929707,12.35816526
0.450454026,0.966244311,-0.049540079,3,0.568935834,0.674113847,insig,no,COG1159,11.81781495,11.86735502
0.493523987,0.966019465,-0.049875835,3,0.846846776,0.555998626,insig,no,COG0587,9.888704846,9.938580681
0.718234197,0.965532376,-0.050603459,3,0.615008425,0.652926081,insig,no,COG0157,11.98865181,12.03925527
0.561654543,0.965444137,-0.050735312,3,0.177639043,0.884148714,insig,no,COG3278,12.25012493,12.30086024
0.275487485,0.965273766,-0.050989924,3,0.286449706,0.819917293,insig,no,COG0684,12.87303776,12.92402769
0.294057014,0.964962745,-0.051454851,3,0.404335605,0.755584177,insig,no,COG1210,12.06612479,12.11757964
0.421459959,0.964614191,-0.05197606,3,0.692079176,0.618961175,insig,no,COG0400,12.42180781,12.47378387
0.388129842,0.964430823,-0.052250335,3,0.66715431,0.629747629,insig,no,COG0730,9.950612743,10.00286308
0.507446184,0.964009226,-0.052881141,3,0.148657371,0.902089592,insig,no,COG0625,9.560117956,9.612999098
0.439074796,0.963925143,-0.053006982,3,0.231310114,0.851860964,insig,no,COG3842,9.978875073,10.03188205
0.512597617,0.963792229,-0.053205927,3,0.262166826,0.833834618,insig,no,COG0491,9.680467772,9.733673699
0.720886647,0.963725133,-0.053306365,3,0.69865161,0.616147809,insig,no,COG0187,9.958804127,10.01211049
0.370799305,0.963487249,-0.053662521,3,0.173640981,0.886602305,insig,no,COG1934,13.14182889,13.19549141
0.180766179,0.963393009,-0.05380364,3,0.285638943,0.820378198,insig,no,COG2142,12.61228303,12.66608666
0.568099675,0.962915597,-0.054518749,3,0.200964021,0.869969049,insig,no,COG1305,10.91926752,10.97378627
0.389701783,0.962849979,-0.054617064,3,0.303563811,0.81024841,insig,no,COG2518,11.65220407,11.70682113
0.222789323,0.962630294,-0.05494627,3,0.342611544,0.788612485,insig,no,COG3004,12.50952736,12.56447363
0.497141885,0.962124156,-0.055705018,3,0.342829164,0.788493537,insig,no,COG1011,11.0101977,11.06590272
0.324724194,0.961203317,-0.057086468,3,0.55040663,0.682827643,insig,no,COG2370,12.96025724,13.01734371
0.579716139,0.961122748,-0.057207401,3,0.165722883,0.891481718,insig,no,COG4319,11.94844955,12.00565695
0.433312959,0.961007266,-0.057380756,3,0.305699975,0.809049582,insig,no,COG0824,10.76323843,10.82061918
0.425764288,0.960574601,-0.058030433,3,0.328492697,0.796368081,insig,no,COG0561,12.22713783,12.28516827
0.43903137,0.96027683,-0.058477727,3,0.26245729,0.833666755,insig,no,COG0603,12.67837535,12.73685308
0.3064642,0.959845722,-0.059125557,3,0.508078584,0.703158297,insig,no,COG0073,11.05247855,11.11160411
0.842245868,0.959709016,-0.059331049,3,0.850331195,0.554657391,insig,no,COG0029,11.81101756,11.87034861
0.800102887,0.959525917,-0.05960632,3,1.071920742,0.47568527,insig,no,COG0468,11.28255604,11.34216236
0.487165312,0.95946596,-0.059696472,3,0.411573866,0.751802769,insig,no,COG0050,10.75478904,10.81448551
0.374233493,0.959429089,-0.059751914,3,0.362851548,0.777626049,insig,no,COG0488,9.692253356,9.75200527
0.580462764,0.959008744,-0.060384126,3,0.561657117,0.677523495,insig,no,COG0822,12.01682468,12.0772088
0.686256052,0.958431225,-0.061253185,3,0.783674642,0.580885353,insig,no,COG1702,11.21402854,11.27528173
0.514896673,0.958303709,-0.061445142,3,0.754075487,0.592926225,insig,no,COG0085,10.13521774,10.19666288
0.570841771,0.958241698,-0.061538501,3,0.223722996,0.856352693,insig,no,COG0715,11.19975198,11.26129048
0.414553978,0.957919212,-0.062024106,3,0.233691864,0.850455784,insig,no,COG2340,12.23300974,12.29503385
0.464970748,0.95782035,-0.062173007,3,0.754046071,0.592938315,insig,no,COG0379,11.8156749,11.87784791
0.337709825,0.957514064,-0.062634417,3,0.357206574,0.780674703,insig,no,COG3757,13.16905497,13.23168939
0.271280087,0.956716557,-0.063836529,3,0.414551088,0.750252908,insig,no,COG0410,11.21100759,11.27484411
0.445508353,0.95638658,-0.064334208,3,0.548219886,0.683863414,insig,no,COG0031,10.80963571,10.87396992
0.532634601,0.956225566,-0.064577116,3,0.400479821,0.757606272,insig,no,COG0582,9.75094776,9.815524876
0.365506725,0.955871617,-0.065111231,3,0.211174602,0.863833636,insig,no,COG1177,11.67152127,11.7366325
0.780094507,0.955435899,-0.06576901,3,0.371155356,0.773163075,insig,no,COG2137,12.81272299,12.878492
0.325745751,0.955017742,-0.066400559,3,0.555337866,0.680497673,insig,no,COG0219,12.51367218,12.58007274
0.391660934,0.954435407,-0.067280531,3,0.271534481,0.828437933,insig,no,COG1363,12.68285348,12.75013401
0.838012557,0.953940215,-0.068029242,3,0.836478907,0.56000868,insig,no,COG0258,10.6493878,10.71741704
0.41670579,0.95341018,-0.068831065,3,0.245343476,0.843614925,insig,no,COG2081,11.76154338,11.83037445
0.390146836,0.952726162,-0.069866488,3,0.223399894,0.856544501,insig,no,COG2821,13.17582639,13.24569288
0.559735534,0.952515846,-0.070185001,3,0.293028398,0.81618698,insig,no,COG0022,10.87804447,10.94822947
0.442852717,0.952461576,-0.070267202,3,0.662425693,0.631815093,insig,no,COG0445,11.33280662,11.40307383
0.400976278,0.952120894,-0.070783326,3,0.700998898,0.615146142,insig,no,COG0776,10.51900804,10.58979136
0.543010742,0.951954672,-0.071035215,3,0.848860457,0.555223117,insig,no,COG0372,10.83037497,10.90141019
0.509753841,0.951880012,-0.071148366,3,0.948296659,0.518243974,insig,no,COG1192,10.2669133,10.33806166
0.478114221,0.951874873,-0.071156156,3,0.219539908,0.858839286,insig,no,COG4799,10.88096893,10.95212508
0.531939105,0.950618949,-0.073060935,3,0.967165332,0.511510113,insig,no,COG0044,10.81227361,10.88533455
0.290588682,0.950288747,-0.073562149,3,0.285097975,0.820685873,insig,no,COG1918,13.15577,13.22933215
0.661263299,0.949679581,-0.07448726,3,0.426003454,0.744320846,insig,no,COG0598,11.97345438,12.04794164
0.456578896,0.94963444,-0.074555838,3,0.647976029,0.638174988,insig,no,COG0010,11.9129344,11.98749023
0.34712733,0.948865912,-0.075723865,3,0.588745369,0.6649209,insig,no,COG1329,12.27194508,12.34766894
0.660257539,0.948113948,-0.076867637,3,0.481556895,0.71620431,insig,no,COG2259,11.53787094,11.61473858
0.502615065,0.947244092,-0.078191859,3,0.679339074,0.624451282,insig,no,COG0079,11.08878705,11.16697891
0.36647824,0.946937266,-0.078659244,3,0.575993788,0.670824001,insig,no,COG4105,12.26031625,12.33897549
0.485174524,0.946485582,-0.079347566,3,0.90240509,0.534994109,insig,no,COG0737,11.54100491,11.62035248
0.393585177,0.945864913,-0.08029394,3,0.70173034,0.614834344,insig,no,COG0260,11.11053254,11.19082648
0.665163558,0.945666511,-0.080596588,3,0.455771953,0.729119932,insig,no,COG0692,13.06607283,13.14666942
0.389435594,0.94540401,-0.080997111,3,0.336967235,0.791703846,insig,no,COG2050,10.5742651,10.65526221
0.45434368,0.944888727,-0.081783652,3,0.407095545,0.754140092,insig,no,COG2204,9.833010051,9.914793704
0.573604207,0.944808673,-0.081905886,3,0.900095177,0.535851379,insig,no,COG2334,11.90479838,11.98670427
0.538039947,0.944772782,-0.081960692,3,0.350967187,0.784058287,insig,no,COG2366,12.72887856,12.81083925
0.49675316,0.944076284,-0.083024657,3,0.927539723,0.525754164,insig,no,COG0248,11.2580609,11.34108556
0.638420896,0.943926836,-0.083253055,3,1.231695657,0.425816672,insig,no,COG0376,11.41892133,11.50217438
0.504740539,0.943192068,-0.084376509,3,0.747198157,0.595759453,insig,no,COG1622,11.20384956,11.28822607
0.599461384,0.942778291,-0.085009557,3,0.300326923,0.812068356,insig,no,COG1116,11.75626554,11.8412751
0.43708162,0.942597499,-0.085286241,3,0.711320759,0.610760744,insig,no,COG0694,12.26698902,12.35227526
0.468852846,0.942576115,-0.085318971,3,0.325845856,0.797830479,insig,no,COG0637,11.14329983,11.2286188
0.408919957,0.942513051,-0.0854155,3,0.362574819,0.777775222,insig,no,COG1493,12.83469321,12.92010871
0.553629385,0.942273022,-0.085782955,3,0.428324392,0.743124381,insig,no,COG2885,9.776490799,9.862273754
0.546397709,0.941789233,-0.086523865,3,0.288841314,0.818559212,insig,no,COG0657,10.4858038,10.57232767
0.442446337,0.940710316,-0.08817757,3,0.257918331,0.83629374,insig,no,COG1359,12.19698494,12.28516251
0.563453735,0.940602824,-0.088342431,3,0.355969536,0.781344379,insig,no,COG0665,9.85269326,9.941035691
0.459141405,0.939226985,-0.090454236,3,0.499409179,0.707396419,insig,no,COG0323,11.60771036,11.69816459
0.646640832,0.938040758,-0.092277486,3,1.018500487,0.493629156,insig,no,COG4581,11.48936236,11.58163985
0.572154517,0.937984515,-0.092363989,3,0.3495493,0.784829241,insig,no,COG4108,11.98727818,12.07964217
0.503030945,0.937908422,-0.092481031,3,0.943111019,0.520110108,insig,no,COG0825,12.04817869,12.14065972
0.503046356,0.937531386,-0.093061106,3,0.394258275,0.760880463,insig,no,COG3176,13.18294096,13.27600207
0.575133981,0.937453001,-0.093181732,3,0.620215491,0.650573746,insig,no,COG1611,11.55572371,11.64890545
0.613690631,0.937090223,-0.093740138,3,0.440557422,0.736849853,insig,no,COG1842,13.07045436,13.1641945
0.65718669,0.936902636,-0.094028965,3,1.306043777,0.404428402,insig,no,COG0608,11.77981425,11.87384321
0.311414618,0.936868397,-0.09408169,3,0.345430536,0.787073059,insig,no,COG3598,13.06531089,13.15939258
0.719653184,0.936267776,-0.09500689,3,0.572288461,0.672549118,insig,no,COG0190,11.46010632,11.55511321
0.689471016,0.935513165,-0.096170139,3,0.329989575,0.795542232,insig,no,COG0614,11.32166294,11.41783308
0.924627327,0.935286083,-0.096520374,3,2.141516595,0.226641413,insig,no,COG1694,11.26192593,11.3584463
0.466660722,0.935069457,-0.096854563,3,0.353178348,0.782857512,insig,no,COG0853,13.18445781,13.28131237
0.366433003,0.933941344,-0.09859615,3,0.335969028,0.792251819,insig,no,COG1706,12.692478,12.79107415
0.541729304,0.93385543,-0.098728872,3,0.8384886,0.559229123,insig,no,COG0861,10.86845666,10.96718553
0.448743377,0.932988587,-0.100068661,3,0.806633199,0.571714506,insig,no,COG0397,11.96355157,12.06362023
0.471299342,0.932405974,-0.100969847,3,0.637887384,0.642653332,insig,no,COG0221,12.21090841,12.31187826
0.578464663,0.931923681,-0.101716284,3,1.108542827,0.463762211,insig,no,COG1048,10.68901894,10.79073522
0.602688998,0.931258193,-0.102746881,3,0.294287698,0.815474857,insig,no,COG4770,11.00026373,11.10301061
0.74343869,0.930428696,-0.104032502,3,1.505597828,0.35218422,insig,no,COG0574,11.17559678,11.27962928
0.539356144,0.929117758,-0.106066637,3,1.013688396,0.495278398,insig,no,COG0679,12.26443857,12.37050521
0.390106447,0.928383463,-0.10720727,3,0.649789706,0.637373214,insig,no,COG5319,12.72086995,12.82807722
0.66681339,0.92817,-0.107539027,3,1.307924589,0.403901501,insig,no,COG0647,12.21561207,12.3231511
0.590849113,0.927957195,-0.107869837,3,0.78233764,0.581423932,insig,no,COG0350,11.90007412,12.00794396
0.496211993,0.92777987,-0.10814555,3,0.369080809,0.774275657,insig,no,COG2819,13.04391902,13.15206457
0.688967344,0.927626832,-0.108383544,3,1.307829409,0.403928148,insig,no,COG0616,11.70847236,11.81685591
0.945998061,0.927563497,-0.108482049,3,2.069477867,0.238245709,insig,no,COG0476,11.61544546,11.72392751
0.624131616,0.927352009,-0.108811027,3,0.739116987,0.599105928,insig,no,COG0454,9.071285453,9.180096479
0.572929357,0.926330289,-0.110401408,3,0.473366182,0.720282031,insig,no,COG2214,12.24280353,12.35320494
0.528921515,0.924974007,-0.11251527,3,0.970548545,0.510311994,insig,no,COG1576,12.36423913,12.4767544
0.473478491,0.924772587,-0.112829462,3,0.372211687,0.772597178,insig,no,COG1960,8.507590242,8.620419705
0.652581755,0.924518081,-0.11322656,3,0.359938815,0.779197625,insig,no,COG0146,12.36913227,12.48235883
0.497639218,0.923453431,-0.114888886,3,0.564768595,0.676063847,insig,no,COG0477,8.096055774,8.210944659
0.74690805,0.922879838,-0.115785279,3,1.035505049,0.487845069,insig,no,COG0236,11.15037346,11.26615874
0.724585921,0.922768424,-0.115959458,3,1.146040802,0.451863584,insig,no,COG0538,11.53105796,11.64701742
0.557970125,0.922659333,-0.116130025,3,0.350165491,0.784494104,insig,no,COG1407,13.16710829,13.28323831
0.491856628,0.922213645,-0.116827083,3,0.914021251,0.530703787,insig,no,COG0351,12.25990862,12.37673571
0.537711567,0.921464969,-0.117998775,3,0.406609032,0.75439445,insig,no,COG1752,11.21769545,11.33569423
0.663733433,0.920281418,-0.119852996,3,0.535591301,0.689875867,insig,no,COG2128,12.08603712,12.20589012
0.499604381,0.92022924,-0.119934797,3,0.932772449,0.523850682,insig,no,COG2730,12.31362071,12.43355551
0.689279061,0.918796003,-0.122183514,3,0.789103829,0.578703458,insig,no,COG2823,12.86126082,12.98344434
0.331620317,0.918658951,-0.12239873,3,0.54750192,0.684203828,insig,no,COG3660,13.16510592,13.28750465
0.603358968,0.918566803,-0.12254345,3,0.691290746,0.619299529,insig,no,COG0251,10.76786758,10.89041103
0.50199309,0.918321716,-0.122928433,3,0.597505468,0.660895708,insig,no,COG0612,10.10318261,10.22611104
0.833480142,0.917849569,-0.123670373,3,1.779139693,0.291357087,insig,no,COG0019,10.59703694,10.72070731
0.470202475,0.917062369,-0.124908241,3,0.358217363,0.780127933,insig,no,COG1176,11.85258735,11.97749559
0.674365663,0.916978909,-0.125039543,3,1.376641653,0.385114233,insig,no,COG0312,10.97246382,11.09750336
0.481896608,0.91629342,-0.126118435,3,0.396750502,0.759567192,insig,no,COG2063,13.1681384,13.29425684
0.564445184,0.916177803,-0.126300486,3,0.651132715,0.636780157,insig,no,COG2377,12.73349684,12.85979732
0.48293266,0.915892435,-0.126749921,3,0.666522564,0.630023451,insig,no,COG1018,11.78707041,11.91382033
0.622555268,0.915696177,-0.127059096,3,1.204258915,0.43399222,insig,no,COG0777,11.93716648,12.06422557
0.551729842,0.91479884,-0.128473558,3,0.34091206,0.789542012,insig,no,COG1188,13.09078813,13.21926169
0.672344348,0.913855978,-0.129961278,3,0.898368157,0.536493219,insig,no,COG3705,13.00049779,13.13045907
0.594919367,0.913740863,-0.130143021,3,0.259213911,0.835543062,insig,no,COG1351,12.15019443,12.28033745
0.521322946,0.913533889,-0.130469847,3,0.716320725,0.608647686,insig,no,COG1538,10.08834407,10.21881392
0.467689604,0.913520222,-0.13049143,3,0.360553163,0.778865887,insig,no,COG1972,12.83029249,12.96078392
0.564208043,0.91274404,-0.131717752,3,0.456983611,0.728507833,insig,no,COG1554,13.03703695,13.1687547
0.662488737,0.912719305,-0.131756849,3,1.239173933,0.423615143,insig,no,COG1064,11.85140127,11.98315812
0.673409992,0.91198944,-0.132910975,3,0.713339379,0.609906764,insig,no,COG0823,10.07399743,10.20690841
0.82717146,0.911531109,-0.1336362,3,1.810021433,0.285186692,insig,no,COG0591,11.08823162,11.22186782
1.367312338,0.910990979,-0.134491326,3,3.116838945,0.115275758,insig,no,COG1974,11.11830107,11.2527924
0.588234549,0.909857329,-0.136287754,3,0.436138539,0.739110237,insig,no,COG0810,10.98740881,11.12369656
0.516629137,0.90923978,-0.13726729,3,0.656785437,0.634290027,insig,no,COG0369,12.98349575,13.12076304
0.625920215,0.909036255,-0.13759026,3,1.07312129,0.47528959,insig,no,COG1138,11.93068406,12.06827432
0.683118901,0.908565694,-0.138337263,3,1.266137592,0.415771395,insig,no,COG0764,11.32422124,11.4625585
0.756415914,0.908265967,-0.138813273,3,1.527392616,0.34690376,insig,no,COG4775,10.97215253,11.1109658
1.069822459,0.907647795,-0.139795514,3,1.800125676,0.287149574,insig,no,COG0358,10.91470124,11.05449675
0.636116064,0.90735727,-0.140257374,3,1.18973537,0.438383265,insig,no,COG0439,11.31999853,11.4602559
0.683660427,0.907040029,-0.140761874,3,0.489415472,0.712313643,insig,no,COG3145,13.13457635,13.27533822
0.636839759,0.906849914,-0.141064294,3,1.076631248,0.474134656,insig,no,COG3227,13.07182757,13.21289186
0.645195074,0.906727307,-0.141259361,3,0.434949642,0.739719574,insig,no,COG0145,12.19913248,12.34039184
0.641158972,0.906196915,-0.142103516,3,1.204104383,0.434038709,insig,no,COG2271,10.66259903,10.80470254
0.585112348,0.905565819,-0.143108591,3,1.059311163,0.479861122,insig,no,COG0738,11.68111002,11.82421861
0.631483794,0.905057062,-0.143919341,3,0.866281873,0.548558781,insig,no,COG1573,11.05060271,11.19452205
0.658957571,0.904827654,-0.144285073,3,0.641006355,0.641265477,insig,no,COG0671,11.23863649,11.38292157
0.62698907,0.904262929,-0.145185774,3,0.878008071,0.544118177,insig,no,COG3088,12.67743187,12.82261764
0.568609568,0.904071903,-0.145490577,3,0.41581053,0.74959824,insig,no,COG3745,13.16467663,13.31016721
0.712088111,0.903419649,-0.146531803,3,0.916537667,0.529778916,insig,no,COG0667,10.24318047,10.38971227
0.622018925,0.902364234,-0.148218208,3,0.634516102,0.644156837,insig,no,COG1071,10.91911778,11.06733599
0.716186656,0.902354328,-0.148234047,3,1.472010373,0.360479626,insig,no,COG1218,12.5288822,12.67711625
1.644525133,0.901324298,-0.149881812,3,5.803019427,0.017910887,insig,no,COG0175,11.1147257,11.26460752
0.322354198,0.901211089,-0.15006303,3,0.527507335,0.693752353,insig,no,COG3405,13.2035964,13.35365943
0.761943568,0.90094865,-0.150483214,3,1.052752137,0.482047715,insig,no,COG1418,12.89922744,13.04971066
0.495175977,0.899878418,-0.152198002,3,0.616574929,0.652217507,insig,no,COG2182,12.83672236,12.98892036
0.636959918,0.898945821,-0.153693927,3,0.864618685,0.549191543,insig,no,COG0628,10.96384084,11.11753477
0.672984939,0.898793361,-0.153938627,3,1.383994859,0.383156355,insig,no,COG2022,12.30932196,12.46326059
0.946260014,0.898670071,-0.154136539,3,2.260083192,0.208759941,insig,no,COG0849,11.96111521,12.11525175
0.660587583,0.898503993,-0.154403179,3,1.217101875,0.43014594,insig,no,COG5002,9.765599868,9.920003047
0.568613253,0.898124008,-0.155013436,3,0.349795868,0.784695119,insig,no,COG4961,11.32249771,11.47751115
0.735977811,0.898020176,-0.155180237,3,1.497348807,0.354203701,insig,no,COG3090,12.20043014,12.35561038
0.57056572,0.897916295,-0.155347134,3,0.674268261,0.626649977,insig,no,COG1360,12.0401348,12.19548193
0.941095874,0.897139268,-0.156596135,3,2.232676587,0.212763623,insig,no,COG1734,11.80290708,11.95950321
0.493358366,0.896845786,-0.157068163,3,0.479671239,0.717141027,insig,no,COG2198,11.49998154,11.65704971
0.823737158,0.896496756,-0.157629731,3,1.726492476,0.302185748,insig,no,COG0492,10.63647374,10.79410347
0.654492671,0.896000234,-0.158428986,3,0.536270793,0.68955102,insig,no,COG3339,13.15748788,13.31591686
0.462203034,0.895410211,-0.159379325,3,0.601280082,0.659168825,insig,no,COG4121,13.15816558,13.3175449
0.593119991,0.895070474,-0.159926816,3,1.175060645,0.442865143,insig,no,COG5646,12.95847624,13.11840306
0.705771849,0.893823883,-0.1619375,3,0.982312934,0.506167599,insig,no,COG0793,10.33404373,10.49598123
0.855616125,0.893086955,-0.163127446,3,1.708644678,0.305947353,insig,no,COG0419,12.33714244,12.50026988
0.710229203,0.892901566,-0.163426954,3,1.176136765,0.442534929,insig,no,COG2513,12.56128744,12.72471439
0.740693243,0.892494684,-0.164084519,3,1.337138378,0.395804967,insig,no,COG0189,10.67941456,10.84349908
0.671814731,0.890883388,-0.166691492,3,1.081921702,0.472399158,insig,no,COG1073,10.1499928,10.31668429
0.997709035,0.890203191,-0.167793423,3,1.987030823,0.252257519,insig,no,COG0595,11.72760593,11.89539935
0.592721461,0.889780456,-0.168478684,3,0.888077296,0.54033375,insig,no,COG3087,11.70181051,11.87028919
0.762665295,0.889419994,-0.169063258,3,1.656533564,0.317200387,insig,no,COG0780,12.52216236,12.69122562
0.56330018,0.889170809,-0.169467509,3,0.771784322,0.585692643,insig,no,COG3829,11.78259584,11.95206335
0.671507177,0.888582695,-0.17042205,3,0.58934438,0.66464488,insig,no,COG1680,9.724241577,9.894663627
1.10525232,0.888415233,-0.170693965,3,2.602792373,0.164619555,insig,no,COG2189,11.46747377,11.63816773
0.603950232,0.887879456,-0.171564274,3,0.509046692,0.702686608,insig,no,COG0600,11.56525335,11.73681762
0.633539693,0.887570421,-0.172066506,3,0.495266611,0.709430563,insig,no,COG1914,12.94787948,13.11994598
0.501981321,0.887469797,-0.172230073,3,0.757786461,0.591403029,insig,no,COG2826,13.07918014,13.25141021
0.592543876,0.887386645,-0.172365254,3,0.582589157,0.667764287,insig,no,COG4664,12.43346613,12.60583138
0.482201737,0.886870698,-0.173204314,3,0.481445141,0.71625979,insig,no,COG3453,12.72342007,12.89662438
0.749256172,0.886129478,-0.17441058,3,1.480462176,0.358373986,insig,no,COG0718,12.30064915,12.47505973
0.751212619,0.885823784,-0.174908362,3,1.155522959,0.448903435,insig,no,COG0785,12.03535728,12.21026564
0.603283702,0.885560302,-0.175337545,3,0.990805754,0.503196658,insig,no,COG0308,10.4403071,10.61564464
0.442328954,0.88526548,-0.175817929,3,0.65873601,0.633433024,insig,no,COG1766,12.47069989,12.64651782
0.578427385,0.885008438,-0.176236885,3,1.002909756,0.498992572,insig,no,COG2346,12.58107309,12.75730998
0.697515567,0.884512003,-0.177046374,3,0.66779636,0.629467431,insig,no,COG2159,12.341248,12.51829438
0.633199984,0.882463914,-0.18039081,3,1.079715121,0.473122238,insig,no,COG1226,10.43834516,10.61873597
0.76960891,0.881864441,-0.181371192,3,1.615001745,0.326464552,insig,no,COG0257,11.92720089,12.10857208
0.738264929,0.880176193,-0.184135744,3,1.037202163,0.48727153,insig,no,COG3420,11.83919514,12.02333089
0.55790111,0.879680677,-0.184948172,3,0.788514599,0.578939862,insig,no,COG0534,11.59435077,11.77929894
0.431629021,0.878722944,-0.186519731,3,0.459562587,0.727206708,insig,no,COG2850,12.2642441,12.45076383
0.533521273,0.87865428,-0.186632468,3,0.999157705,0.500292003,insig,no,COG3483,12.62031433,12.8069468
0.886882673,0.878564436,-0.186779994,3,2.002895276,0.24949879,insig,no,COG0407,12.00722754,12.19400754
0.932348968,0.878314335,-0.187190744,3,2.224269156,0.214007141,insig,no,COG0114,11.56057871,11.74776945
0.647267686,0.877747929,-0.188121407,3,1.094605639,0.468264106,insig,no,COG1249,9.858276111,10.04639752
0.414053933,0.877740936,-0.188132902,3,0.70674975,0.612698935,insig,no,COG2372,12.48100063,12.66913353
0.547407239,0.877045279,-0.189276768,3,0.617075439,0.651991274,insig,no,COG2201,12.08428317,12.27355994
0.728795039,0.876618347,-0.189979221,3,1.459964559,0.363502059,insig,no,COG0543,12.42543636,12.61541558
0.572424379,0.876175945,-0.190707488,3,0.932393144,0.523988428,insig,no,COG2217,10.3250834,10.51579089
0.501405568,0.875748991,-0.191410674,3,0.597027579,0.661114664,insig,no,COG2935,13.02875935,13.22017003
1.184203612,0.874788145,-0.192994426,3,2.737313134,0.14996387,insig,no,COG0593,10.57533759,10.76833201
0.686303461,0.874498255,-0.19347259,3,0.958046609,0.514753411,insig,no,COG0177,11.34059161,11.5340642
0.59202364,0.874395393,-0.193642295,3,0.721647715,0.606404466,insig,no,COG4663,12.66841958,12.86206187
1.146551586,0.873887015,-0.19448133,3,2.363330151,0.19434203,insig,no,COG1022,11.83594158,12.03042291
0.542435193,0.873403475,-0.195279824,3,0.670397632,0.628333484,insig,no,COG1536,12.57074255,12.76602237
0.910101234,0.873309831,-0.195434514,3,2.032655318,0.244404827,insig,no,COG0828,11.99577176,12.19120627
0.562038098,0.872473061,-0.196817508,3,0.586680242,0.665873374,insig,no,COG3825,12.84752557,13.04434308
0.619147502,0.871661609,-0.198159925,3,0.780209831,0.582282098,insig,no,COG0471,11.64309188,11.8412518
0.628255642,0.871457408,-0.19849794,3,0.662470663,0.631795399,insig,no,COG2866,11.32357107,11.52206901
0.571223051,0.869567359,-0.201630308,3,0.64370056,0.640069043,insig,no,COG3588,12.78071851,12.98234882
0.774236416,0.869386932,-0.201929685,3,0.921362118,0.528010265,insig,no,COG2358,12.64051578,12.84244546
0.664341732,0.869275494,-0.202114621,3,0.832592745,0.561519199,insig,no,COG3637,10.54130329,10.74341791
0.580171567,0.86902675,-0.202527509,3,0.487142529,0.713436766,insig,no,COG4964,12.44312104,12.64564855
1.124936988,0.868018899,-0.204201641,3,1.839864279,0.279348063,insig,no,COG0305,10.84066011,11.04486175
0.866235638,0.867697068,-0.20473664,3,1.747901794,0.297734479,insig,no,COG0782,11.08266776,11.2874044
0.649697425,0.867312129,-0.20537681,3,0.827941188,0.563332578,insig,no,COG1473,11.36317842,11.56855523
0.7565964,0.866101339,-0.207392256,3,1.550882604,0.341301201,insig,no,COG0659,11.08177943,11.28917168
0.611265289,0.865733739,-0.208004711,3,0.730277225,0.602788072,insig,no,COG4638,11.26023486,11.46823957
0.52107081,0.865097303,-0.209065685,3,0.473023865,0.720452957,insig,no,COG2978,13.07564613,13.28471181
0.761198946,0.864720615,-0.209694012,3,1.597862778,0.330366023,insig,no,COG2009,12.32890978,12.5386038
0.588033505,0.864250898,-0.210477898,3,1.133278892,0.455878447,insig,no,COG3238,12.90343928,13.11391717
0.587440137,0.863626567,-0.21152047,3,0.87084676,0.546825808,insig,no,COG0183,9.726535348,9.938055818
0.647860198,0.863001782,-0.212564557,3,0.66782668,0.629454202,insig,no,COG1349,12.46376578,12.67633034
0.753901366,0.862831618,-0.21284905,3,1.035606911,0.487810626,insig,no,COG0664,9.963276753,10.1761258
0.85582597,0.862559687,-0.213303804,3,1.878687349,0.271931022,insig,no,COG0352,11.79623584,12.00953965
1.28464956,0.861937082,-0.214345533,3,3.696649155,0.077125452,insig,no,COG1525,11.60268006,11.81702559
0.953449994,0.861543244,-0.215004882,3,2.226513536,0.213674472,insig,no,COG3200,11.96801122,12.1830161
1.095119144,0.860573956,-0.216628915,3,2.785335629,0.14505424,insig,no,COG0302,11.65627465,11.87290357
0.608762608,0.860082578,-0.217452913,3,0.768738011,0.586930664,insig,no,COG0043,12.63969799,12.85715091
0.912963713,0.8597254,-0.218052165,3,2.161192506,0.223571391,insig,no,COG0276,11.99007252,12.20812469
0.598475275,0.859270805,-0.218815217,3,0.838508072,0.559221576,insig,no,COG0218,12.64351091,12.86232612
0.583246536,0.858407217,-0.22026589,3,0.649252216,0.637610717,insig,no,COG1352,11.84658909,12.06685498
0.615023865,0.857785413,-0.221311313,3,1.03020387,0.489640952,insig,no,COG0446,10.43699175,10.65830307
0.719949207,0.857744094,-0.221380808,3,0.816055812,0.567992659,insig,no,COG2353,11.85976086,12.08114167
0.653360851,0.857525981,-0.221747712,3,0.908271507,0.532823084,insig,no,COG2003,12.167456,12.38920371
0.648219354,0.856960012,-0.222700209,3,1.015452049,0.494673305,insig,no,COG0496,12.50625866,12.72895887
0.642498518,0.856225164,-0.223937858,3,0.830326345,0.56240201,insig,no,COG1502,11.53899269,11.76293054
0.552062398,0.856186635,-0.224002779,3,0.765925139,0.58807614,insig,no,COG0643,11.97251484,12.19651762
0.785387296,0.856054303,-0.22422578,3,1.435606872,0.369691333,insig,no,COG0389,10.77812345,11.00234922
0.584204836,0.853992289,-0.227705052,3,0.73152655,0.602266304,insig,no,COG1157,12.50998338,12.73768843
0.643803524,0.852162913,-0.23079883,3,1.034592648,0.488153694,insig,no,COG2020,12.07305785,12.30385668
1.183340862,0.852064086,-0.230966151,3,3.222495168,0.107135227,insig,no,COG4643,12.96556501,13.19653116
1.35437763,0.851195679,-0.232437268,3,3.89167611,0.067373445,insig,no,COG0661,11.11748028,11.34991755
1.195170792,0.851001485,-0.232766445,3,3.048751071,0.120846612,insig,no,COG1593,11.38427145,11.61703789
0.644978831,0.849949983,-0.234550149,3,1.159247909,0.447745889,insig,no,COG1250,10.55137204,10.78592219
0.866447161,0.849599443,-0.235145274,3,1.591197578,0.331895833,insig,no,COG3170,11.55333095,11.78847622
0.891308573,0.84863391,-0.236785767,3,2.076588224,0.237074398,insig,no,COG1692,12.57066356,12.80744933
0.720997199,0.848476507,-0.237053381,3,1.295372228,0.407431032,insig,no,COG4123,12.91667995,13.15373333
0.624962018,0.848388015,-0.237203854,3,0.828298058,0.563193248,insig,no,COG0422,11.91761061,12.15481446
0.85883245,0.845156315,-0.242709897,3,1.933662415,0.261763815,insig,no,COG0278,12.5863727,12.8290826
0.733864796,0.845012823,-0.242954861,3,1.489169322,0.356217594,insig,no,COG2860,12.56778073,12.81073559
0.644553898,0.843709735,-0.245181346,3,1.119481738,0.460259135,insig,no,COG2025,11.96272901,12.20791036
0.911709643,0.843586365,-0.245392318,3,1.991437166,0.251488238,insig,no,COG0339,11.59271009,11.83810241
0.753392207,0.843359852,-0.245779751,3,1.598377653,0.330248141,insig,no,COG0678,12.59982036,12.84560012
0.859847538,0.842535832,-0.247190051,3,1.02336465,0.491967647,insig,no,COG4666,12.74464417,12.99183422
0.742756554,0.8424247,-0.247380358,3,1.494438317,0.354918992,insig,no,COG2941,12.31659524,12.56397559
1.125186029,0.842318387,-0.247562436,3,3.005323433,0.12453961,insig,no,COG0842,10.42168433,10.66924676
0.639497878,0.842247759,-0.24768341,3,0.608085873,0.656066575,insig,no,COG5349,12.45859673,12.70628014
1.161791386,0.842147061,-0.247855907,3,2.490574596,0.177935392,insig,no,COG2391,11.53083768,11.77869359
0.969239562,0.841804889,-0.248442206,3,2.333855479,0.19835333,insig,no,COG1633,11.90710926,12.15555146
1.398152889,0.841551021,-0.248877354,3,4.4349857,0.046231318,insig,no,COG3023,12.1236354,12.37251275
0.579708463,0.840921695,-0.24995663,3,0.825242039,0.564387508,insig,no,COG1377,12.61174654,12.86170317
0.674341868,0.840701435,-0.25033456,4,1.124782593,0.458571121,insig,no,COG2086,12.04018948,12.29052404
1.051057924,0.840233853,-0.251137182,4,1.705649824,0.306583121,insig,no,COG0733,12.9574982,13.20863538
0.634861581,0.840189054,-0.251214105,4,0.719340408,0.607375067,insig,no,COG3491,12.7347491,12.98596321
0.893206507,0.839919327,-0.25167733,4,1.948145567,0.259149126,insig,no,COG5000,11.28117234,11.53284967
0.752410332,0.839321574,-0.252704431,4,1.440935251,0.368328452,insig,no,COG0668,11.07912458,11.33182901
0.674974433,0.838859287,-0.253499267,4,0.949249504,0.517901806,insig,no,COG1835,10.56883569,10.82233496
1.630751736,0.83864857,-0.253861709,4,5.571340381,0.021030976,insig,no,COG0209,10.18419762,10.43805933
0.649797585,0.838365318,-0.25434906,4,1.257153002,0.41836875,insig,no,COG4391,12.84273582,13.09708488
1.513175155,0.837851529,-0.25523348,4,5.291487328,0.025533103,insig,no,COG0791,11.10117633,11.35640981
0.581030561,0.837488446,-0.255858808,4,0.673981544,0.626774528,insig,no,COG1886,12.3884037,12.64426251
0.868207989,0.837298588,-0.256185903,4,1.991016332,0.251561608,insig,no,COG2095,12.34180508,12.59799098
0.42865531,0.836029267,-0.258374646,4,0.717068155,0.60833244,insig,no,COG4995,12.18992631,12.44830096
0.47902351,0.835902397,-0.258593597,4,0.87479475,0.545331444,insig,no,COG3293,10.90257074,11.16116434
0.785232766,0.835072364,-0.260026874,4,1.409385013,0.376472134,insig,no,COG0156,10.94118773,11.2012146
0.538941398,0.834753074,-0.260578593,4,0.957435221,0.514971601,insig,no,COG0194,11.53371599,11.79429458
0.885319014,0.834241343,-0.261463284,4,1.838878857,0.279538935,insig,no,COG0843,10.5514777,10.81294098
1.452969208,0.8340423,-0.261807541,4,4.721211032,0.037911753,insig,no,COG1074,11.04533182,11.30713936
0.937015352,0.8315515,-0.26612248,4,2.203358359,0.217131605,insig,no,COG1485,12.25951668,12.52563916
0.66478273,0.831339374,-0.266490552,4,1.064174932,0.478246086,insig,no,COG1123,11.32345423,11.58994479
0.687583632,0.830618115,-0.267742759,4,0.882170352,0.542550618,insig,no,COG1477,12.82934718,13.09708993
0.700623889,0.830065007,-0.268703768,4,1.018181428,0.493738336,insig,no,COG3794,13.08527585,13.35397962
0.976572794,0.830043677,-0.268740842,4,2.291401894,0.204276918,insig,no,COG2332,12.63595022,12.90469107
0.835225369,0.829788408,-0.269184591,4,0.866862688,0.548337981,insig,no,COG3525,13.02985692,13.29904151
0.94193369,0.828764899,-0.270965194,4,2.23044264,0.213093333,insig,no,COG0408,12.2689714,12.53993659
0.637830074,0.82866489,-0.271139298,4,1.032930428,0.48871645,insig,no,COG2311,12.66982152,12.94096081
0.752860559,0.828157588,-0.272022774,4,1.258228287,0.418057043,insig,no,COG4665,12.9045915,13.17661428
0.586415818,0.827687779,-0.272841439,4,0.801065003,0.573925347,insig,no,COG0535,11.54555695,11.81839839
0.889468284,0.827267377,-0.273574404,4,2.054582182,0.240718315,insig,no,COG0565,12.5758792,12.8494536
0.679153339,0.827162787,-0.273756812,4,0.955692287,0.515594119,insig,no,COG2968,12.59624075,12.86999756
0.679208065,0.826587586,-0.274760399,4,0.762341653,0.589538667,insig,no,COG3104,12.233546,12.5083064
0.842080449,0.826293002,-0.275274646,4,1.680818954,0.311905532,insig,no,COG2608,11.86691417,12.14218882
0.814218005,0.826283672,-0.275290936,4,1.684951456,0.311013378,insig,no,COG1495,12.64946798,12.92475891
0.581679726,0.826242532,-0.275362769,4,1.000624569,0.499783588,insig,no,COG0506,11.64256042,11.91792319
0.630192122,0.825769757,-0.276188512,4,1.195576055,0.436612078,insig,no,COG3788,12.95718381,13.23337232
0.657206018,0.825492565,-0.276672874,4,1.128746715,0.457312825,insig,no,COG1256,12.35743829,12.63411117
0.623223819,0.824609742,-0.27821659,4,0.859391,0.551185179,insig,no,COG1987,12.84533254,13.12354913
0.673598402,0.824567226,-0.278290975,4,0.876991155,0.544501846,insig,no,COG2932,12.77956773,13.05785871
0.534149048,0.824545695,-0.278328648,4,0.845611615,0.556474848,insig,no,COG3316,12.04289715,12.3212258
0.726518219,0.823753226,-0.279715884,4,0.995906638,0.501420665,insig,no,COG1595,9.134041593,9.413757477
0.646612688,0.82335017,-0.280421957,4,1.045773424,0.484385161,insig,no,COG1126,11.69980594,11.9802279
0.69468863,0.822170207,-0.282491001,4,1.025893218,0.491106146,insig,no,COG1668,12.44150873,12.72399974
0.577922277,0.822084825,-0.282640832,4,0.800065273,0.574323192,insig,no,COG4786,11.85663719,12.13927802
0.869849978,0.821713444,-0.283292724,4,1.571972399,0.336348237,insig,no,COG0589,10.81735253,11.10064525
1.000107426,0.820999967,-0.284545931,4,2.253426201,0.209725443,insig,no,COG1738,12.68454302,12.96908895
0.750116219,0.820910993,-0.284702287,4,1.353733743,0.391278097,insig,no,COG0425,13.1278843,13.41258659
0.625366287,0.81967198,-0.286881414,4,0.855984317,0.552488248,insig,no,COG1291,12.49103988,12.77792129
1.40233367,0.818767485,-0.288474284,4,3.6366919,0.080398261,insig,no,COG3127,12.14524405,12.43371833
0.989533454,0.81821434,-0.289449273,4,2.374593669,0.192830656,insig,no,COG2761,12.29880742,12.58825669
1.000129003,0.81607995,-0.293217598,4,2.364450197,0.19419121,insig,no,COG0207,12.11521718,12.40843478
0.643744586,0.815929624,-0.293483373,4,0.835968425,0.560206868,insig,no,COG1956,13.14732897,13.44081234
0.791554802,0.815731297,-0.293834091,4,1.470357471,0.360892866,insig,no,COG3474,11.65739265,11.95122674
0.808918096,0.815491175,-0.29425883,4,1.194989918,0.4367895,insig,no,COG2908,11.90157908,12.19583791
1.438726879,0.81375463,-0.297334249,4,4.687458785,0.038809165,insig,no,COG1638,11.60285236,11.90018661
0.848796072,0.81368304,-0.297461174,4,1.811712908,0.284852523,insig,no,COG1280,11.03215243,11.3296136
0.856192975,0.813599325,-0.297609613,4,1.748325441,0.297647062,insig,no,COG0450,11.58699214,11.88460175
0.750220982,0.812736033,-0.299141237,4,1.347378055,0.393005646,insig,no,COG1741,11.37573555,11.67487678
0.667979658,0.812171882,-0.300143014,4,0.736903861,0.600025675,insig,no,COG0609,11.90452624,12.20466925
0.656735998,0.811345277,-0.301612095,4,1.031904973,0.489063949,insig,no,COG1063,10.82549564,11.12710773
0.834179523,0.811162464,-0.301937201,4,1.572458556,0.336234914,insig,no,COG1472,10.6383618,10.940299
0.671694151,0.810905546,-0.302394215,4,0.838514402,0.559219122,insig,no,COG0835,12.30978041,12.61217463
0.7761829,0.810859977,-0.30247529,4,0.960224752,0.513976836,insig,no,COG0797,12.68108823,12.98356352
0.627941823,0.810654949,-0.302840125,4,0.937564706,0.522113473,insig,no,COG1580,13.07047918,13.37331931
0.746244777,0.808664695,-0.306386468,4,1.226122274,0.427464858,insig,no,COG2202,10.90054342,11.20692989
0.603662598,0.808241664,-0.307141372,4,0.649223003,0.637623628,insig,no,COG3847,12.32913396,12.63627533
0.575146183,0.807540452,-0.308393565,4,1.020809906,0.492839602,insig,no,COG1115,12.9320736,13.24046717
0.849103885,0.80675609,-0.309795531,4,1.445038198,0.367282434,insig,no,COG2244,11.17978419,11.48957972
0.722306583,0.80656831,-0.310131371,4,0.859965742,0.550965641,insig,no,COG0346,9.558507899,9.868639271
1.173731715,0.806371043,-0.310484263,4,2.920186943,0.132110135,insig,no,COG0367,11.38085872,11.69134298
0.840970347,0.806086822,-0.310992859,4,1.656369762,0.317236404,insig,no,COG0626,10.73315889,11.04415175
1.343159345,0.805734566,-0.311623447,4,3.610432658,0.08187503,insig,no,COG2905,12.23698224,12.54860568
1.050818863,0.804427289,-0.313966072,4,2.403406778,0.189017697,insig,no,COG0654,10.42814311,10.74210918
0.724429341,0.804340284,-0.314122118,4,0.985800382,0.504945511,insig,no,COG1566,11.75464546,12.06876758
0.613610753,0.803683659,-0.315300347,4,0.897039431,0.536987559,insig,no,COG1677,13.00187934,13.31717969
0.659845465,0.802810701,-0.316868248,4,1.107856621,0.463982848,insig,no,COG0027,13.00380246,13.32067071
0.64658969,0.80227505,-0.317831163,4,0.942755953,0.520238129,insig,no,COG1843,13.04664835,13.36447951
0.891076964,0.802149016,-0.318057823,4,1.950689175,0.258692624,insig,no,COG3971,12.89958678,13.2176446
0.790166333,0.801403598,-0.319399108,4,1.552501408,0.340918452,insig,no,COG0651,12.4052274,12.72462651
1.761988337,0.800741687,-0.320591179,4,6.169624416,0.013891783,insig,no,COG1475,10.37881456,10.69940574
0.627287958,0.800710833,-0.32064677,4,0.915864999,0.530025987,insig,no,COG5010,12.42301156,12.74365833
0.897020766,0.80047663,-0.321068812,4,1.871281278,0.273330569,insig,no,COG0599,12.90831322,13.22938203
0.847947844,0.799671229,-0.322521112,4,1.690185318,0.309887117,insig,no,COG1278,10.51653713,10.83905824
1.03929497,0.797677074,-0.326123281,4,2.493473322,0.177578236,insig,no,COG0293,12.61348135,12.93960463
0.86059146,0.797222556,-0.326945565,4,1.828801843,0.281498308,insig,no,COG0789,10.1308783,10.45782386
0.750989818,0.79720385,-0.326979417,4,1.579495647,0.334598841,insig,no,COG1488,12.98322003,13.31019945
1.257338262,0.796863262,-0.32759591,4,2.692079495,0.15474026,insig,no,COG0749,10.44374019,10.7713361
1.266075158,0.796670533,-0.327944881,4,3.710618503,0.076382264,insig,no,COG0466,11.23557128,11.56351616
0.649875762,0.795606707,-0.329872657,4,1.094412152,0.468326912,insig,no,COG1868,12.68940054,13.01927319
0.820392588,0.795509803,-0.330048387,4,1.706567651,0.306388138,insig,no,COG1597,11.8347965,12.16484489
0.656081133,0.794049498,-0.332699153,4,0.734324024,0.601099605,insig,no,COG4774,11.14641235,11.47911151
0.661874125,0.793154372,-0.33432641,4,0.947122653,0.518665871,insig,no,COG4553,12.88816938,13.22249579
0.81396486,0.791365144,-0.337584572,4,1.589436144,0.332301303,insig,no,COG5009,12.04439183,12.3819764
0.803228346,0.791028868,-0.338197748,4,1.27567834,0.413030911,insig,no,COG4585,11.36745872,11.70565647
1.311448101,0.791025021,-0.338204765,4,3.697084902,0.077102161,insig,no,COG3064,11.40704253,11.74524729
1.084381468,0.790404173,-0.339337531,4,2.841819585,0.139484857,insig,no,COG1286,12.64426805,12.98360558
0.838898914,0.789754834,-0.340523233,4,1.592272397,0.33164866,insig,no,COG2318,12.30998698,12.65051022
0.690849079,0.789448651,-0.341082665,4,0.964272612,0.512536761,insig,no,COG1120,12.17019552,12.51127819
0.722713408,0.788983242,-0.341933436,4,1.153289659,0.449598878,insig,no,COG1164,11.84171877,12.18365221
0.725578053,0.788722426,-0.342410431,4,1.456719301,0.364320656,insig,no,COG1585,12.78902443,13.13143486
1.537044965,0.788654086,-0.342535441,4,4.446913268,0.045850673,insig,no,COG0208,11.18866769,11.53120313
0.482874749,0.788452966,-0.342903399,4,0.560629733,0.678006151,insig,no,COG0675,12.42960722,12.77251062
0.768882155,0.788231155,-0.343309321,4,1.466977735,0.361739304,insig,no,COG0798,12.07750932,12.42081864
0.872401002,0.787912622,-0.343892448,4,1.644538247,0.319848751,insig,no,COG1959,11.34710133,11.69099378
0.70934084,0.78681413,-0.345905228,4,1.243269608,0.422414245,insig,no,COG3876,12.87368945,13.21959468
0.671407063,0.786172754,-0.347081728,4,1.033796152,0.488423272,insig,no,COG1815,12.94777233,13.29485406
0.938091981,0.785890721,-0.347599377,4,2.207771098,0.216468484,insig,no,COG1899,12.39567114,12.74327052
0.899694466,0.78514125,-0.348975872,4,1.74872659,0.297564311,insig,no,COG3568,11.60101286,11.94998873
0.925234827,0.785137119,-0.348983462,4,2.125336379,0.229197565,insig,no,COG2961,12.79319232,13.14217578
0.728387136,0.7846852,-0.349814105,4,1.024270779,0.491658749,insig,no,COG0834,10.78674669,11.1365608
0.881603728,0.784023363,-0.351031449,4,1.666977359,0.314912437,insig,no,COG0745,8.264313297,8.615344747
1.205737424,0.783728298,-0.351574506,4,3.260555232,0.104345824,insig,no,COG3409,10.88953716,11.24111166
1.122475791,0.783167744,-0.352606749,4,2.85818859,0.137911188,insig,no,COG2840,12.89918336,13.25179011
0.610485855,0.782384109,-0.354051026,4,1.169583434,0.444549682,insig,no,COG3861,12.91806388,13.2721149
1.124365217,0.781747186,-0.355225974,4,3.027324018,0.122654833,insig,no,COG0280,11.15668994,11.51191592
0.666181901,0.780799594,-0.356975792,4,1.119489221,0.460256748,insig,no,COG1558,12.87322393,13.23019972
0.671387987,0.779962159,-0.358523964,4,0.92622394,0.526233887,insig,no,COG3591,11.31702656,11.67555052
0.607152415,0.779198205,-0.35993774,4,0.738651807,0.599299133,insig,no,COG4798,12.36107831,12.72101605
0.91375427,0.779102057,-0.360115772,4,2.044333681,0.242434398,insig,no,COG2913,12.71293462,13.07305039
0.79602979,0.77734466,-0.363373691,4,1.718161158,0.303935867,insig,no,COG2723,12.01658197,12.37995566
0.688226614,0.776897184,-0.364204412,4,0.92625048,0.526224207,insig,no,COG2272,12.11504054,12.47924495
0.708543617,0.77638893,-0.365148547,4,1.187640222,0.439020368,insig,no,COG1684,12.85479572,13.21994427
0.71246034,0.774277673,-0.369077053,4,1.318133761,0.401053397,insig,no,COG1788,12.19653658,12.56561363
1.005526074,0.774197683,-0.369226105,4,2.413145018,0.187746118,insig,no,COG4395,12.54815457,12.91738068
1.064925641,0.774161447,-0.369293631,4,2.762347335,0.147384086,insig,no,COG5265,12.21030392,12.57959756
1.153315467,0.773708056,-0.370138799,4,3.086315563,0.117740653,insig,no,COG0670,12.05301855,12.42315735
1.032704395,0.772780129,-0.371870097,4,2.526064209,0.173611665,insig,no,COG3175,12.67673269,13.04860278
0.714062863,0.771970546,-0.373382292,4,0.993649227,0.502205862,insig,no,COG1309,8.979585264,9.352967556
1.200713553,0.771650731,-0.373980101,4,3.248310278,0.105235234,insig,no,COG0334,11.59831212,11.97229222
0.647005732,0.771427315,-0.374397865,4,0.815769365,0.568105445,insig,no,COG4957,12.99188123,13.3662791
1.226560411,0.770482445,-0.376166009,4,3.21599061,0.107619349,insig,no,COG3850,13.109282,13.48544801
0.854748149,0.770100548,-0.376881272,4,1.520324672,0.348607455,insig,no,COG3153,11.90129761,12.27817888
0.700253622,0.769457564,-0.378086332,4,1.191372688,0.437886025,insig,no,COG0775,11.96986538,12.34795171
0.819361846,0.769151716,-0.378659896,4,1.260761998,0.417323481,insig,no,COG0433,11.50337592,11.88203581
0.704433287,0.767061589,-0.382585676,4,1.098281707,0.467072462,insig,no,COG0765,11.43726817,11.81985385
0.987722256,0.766617782,-0.383420632,4,2.012346272,0.247869683,insig,no,COG1396,9.822728166,10.2061488
0.840362471,0.766551255,-0.383545834,4,1.577837711,0.334983581,insig,no,COG0053,12.22906062,12.61260646
0.855975096,0.765136479,-0.386210989,4,1.762935492,0.294648026,insig,no,COG2135,11.96581083,12.35202182
0.756360316,0.764973651,-0.386518039,4,1.162569914,0.446716078,insig,no,COG1506,10.06090918,10.44742721
0.923369179,0.764004995,-0.388346025,4,2.061730078,0.239528615,insig,no,COG0271,12.0681182,12.45646423
0.748417772,0.763481154,-0.389335549,4,1.123146616,0.459091423,insig,no,COG1476,11.26416461,11.65350016
0.642207519,0.763307495,-0.389663737,4,0.940165802,0.521172981,insig,no,COG1446,12.42885449,12.81851823
1.070475849,0.763047691,-0.390154866,4,2.378070549,0.192366495,insig,no,COG0071,11.49411526,11.88427013
1.043910975,0.762638917,-0.390927942,4,2.469847212,0.180510265,insig,no,COG0827,11.92712223,12.31805018
1.469535653,0.761979849,-0.392175249,4,4.914565182,0.033156484,insig,no,COG0281,11.14027607,11.53245132
0.880092635,0.761468536,-0.39314367,4,1.412689494,0.375610814,insig,no,COG2367,12.64362168,13.03676535
0.689241526,0.760861328,-0.394294558,4,1.006012083,0.497920706,insig,no,COG1414,11.6710658,12.06536035
0.792879149,0.760560704,-0.394864695,4,1.339145771,0.39525462,insig,no,COG1670,10.03139249,10.42625718
1.522889194,0.760351768,-0.395261076,4,4.480775025,0.044787035,insig,no,COG1403,10.28442606,10.67968714
1.116511589,0.759475452,-0.39692476,4,2.953954789,0.129053861,insig,no,COG3243,11.72831846,12.12524322
0.757318167,0.759421407,-0.397027428,4,1.23864908,0.423769282,insig,no,COG1619,12.92356357,13.320591
0.778168162,0.759164659,-0.397515261,4,1.307319174,0.40407103,insig,no,COG3146,12.25266848,12.65018374
1.075590949,0.758178751,-0.399390071,4,2.510422232,0.175504237,insig,no,COG2203,10.69872797,11.09811804
0.746573672,0.757392239,-0.400887457,4,1.024072126,0.491726453,insig,no,COG4430,12.79694716,13.19783462
0.746069048,0.757318357,-0.401028196,4,1.357549006,0.390244714,insig,no,COG2057,12.21779716,12.61882535
0.978775489,0.757279771,-0.401101703,4,2.133909088,0.227839677,insig,no,COG0729,12.42401176,12.82511346
0.904709427,0.756702384,-0.402202104,4,2.009137272,0.248421635,insig,no,COG3203,12.32166294,12.72386504
1.164603862,0.756330625,-0.402911058,4,3.180577766,0.110293696,insig,no,COG0752,12.26221576,12.66512682
0.703521341,0.754897113,-0.405648066,4,1.041678395,0.485762022,insig,no,COG2186,11.86457421,12.27022228
0.938699011,0.754015999,-0.407332959,4,1.746601323,0.298002983,insig,no,COG2197,9.788994052,10.19632701
0.769678061,0.751607056,-0.411949485,4,1.427717883,0.371718428,insig,no,COG2847,12.93545329,13.34740278
0.849300517,0.750668023,-0.413753066,4,1.655416537,0.317446079,insig,no,COG4942,11.83147606,12.24522913
0.703315969,0.749927752,-0.415176482,4,0.999442652,0.5001932,insig,no,COG4773,11.43469562,11.8498721
0.691992041,0.749740857,-0.415536072,4,0.984093295,0.505543347,insig,no,COG3741,12.77198984,13.18752591
0.702976293,0.746985156,-0.420848521,4,1.193774496,0.437157636,insig,no,COG3893,12.62248335,13.04333187
0.716530513,0.746962203,-0.420892852,4,1.191186322,0.437942594,insig,no,COG1062,11.62725284,12.0481457
1.095659442,0.746348379,-0.422078889,4,2.78096305,0.145494543,insig,no,COG1806,12.6239324,13.04601129
0.717403732,0.74597918,-0.422792728,4,1.148029171,0.45124124,insig,no,COG1505,11.86632263,12.28911536
0.751412657,0.744700389,-0.425267984,4,1.290810327,0.408721396,insig,no,COG1338,12.64466525,13.06993323
0.87829634,0.743933821,-0.426753807,4,1.873952608,0.272824931,insig,no,COG3437,12.21200725,12.63876106
0.781740112,0.74387278,-0.426872188,4,1.266742843,0.415597003,insig,no,COG4206,10.08073759,10.50760977
0.79965991,0.742926814,-0.428707998,4,1.254129544,0.419246445,insig,no,COG0640,9.738078199,10.1667862
0.786378088,0.742447807,-0.429638485,4,1.390820134,0.381347954,insig,no,COG2818,12.93064464,13.36028312
0.780341896,0.742332169,-0.429863205,4,1.416769938,0.374549957,insig,no,COG1298,12.09630007,12.52616327
1.102426815,0.741626966,-0.431234392,4,2.804973934,0.143093105,insig,no,COG3158,11.99566453,12.42689892
0.695735741,0.739941866,-0.434516166,4,1.141854684,0.453176613,insig,no,COG0427,13.03966824,13.47418441
1.373787549,0.739818751,-0.434756228,4,3.188862455,0.109662148,insig,no,COG0503,12.09354462,12.52830085
0.731152051,0.739623762,-0.435136519,4,1.117963083,0.460743883,insig,no,COG1228,10.41730465,10.85244117
1.237018819,0.738633302,-0.437069785,4,3.509371972,0.087816024,insig,no,COG1981,12.33348182,12.7705516
1.064769637,0.736047227,-0.442129757,4,2.655366717,0.158728521,insig,no,COG5394,12.77202011,13.21414987
1.222970254,0.735815173,-0.442584668,4,3.291374341,0.10214041,insig,no,COG1952,12.61532325,13.05790791
1.288184686,0.735455783,-0.443289488,4,3.864895541,0.06863577,insig,no,COG0751,11.77485545,12.21814493
0.864432831,0.735313323,-0.44356897,4,1.770297149,0.293148352,insig,no,COG3590,11.70640645,12.14997542
0.747588599,0.735158093,-0.443873566,4,1.231554594,0.42585831,insig,no,COG4805,10.97079972,11.41467329
1.251496516,0.733617805,-0.44689944,4,3.501678405,0.088285578,insig,no,COG5490,12.66155924,13.10845868
1.237822768,0.73312493,-0.44786903,4,3.475765348,0.089885652,insig,no,COG5336,12.74049158,13.18836061
0.820117,0.731473698,-0.451122105,4,1.304257407,0.404929482,insig,no,COG1609,10.23897329,10.6900954
1.188967361,0.730934389,-0.452186184,4,3.29048856,0.102203141,insig,no,COG2857,12.49593498,12.94812116
1.415494996,0.729691555,-0.454641338,4,4.480901778,0.0447831,insig,no,COG0741,10.30566835,10.76030969
1.100889363,0.729586005,-0.454850038,4,2.871565678,0.136638346,insig,no,COG2917,12.69134584,13.14619588
0.776502745,0.728742188,-0.456519582,4,1.240473782,0.423233643,insig,no,COG1629,8.132255374,8.588774956
0.763103197,0.727947153,-0.458094377,4,1.309817676,0.403371854,insig,no,COG1301,11.14386709,11.60196146
0.972584414,0.725686302,-0.462582057,4,2.163870013,0.223156848,insig,no,COG1651,11.00992873,11.47251079
0.956901951,0.72319329,-0.467546802,4,1.964275436,0.256267879,insig,no,COG2827,11.60288646,12.07043326
1.312751342,0.722915062,-0.468101945,4,3.706512833,0.076599945,insig,no,COG0270,11.1503387,11.61844065
0.741592683,0.722651689,-0.468627646,4,1.150301153,0.450531176,insig,no,COG2234,10.37883147,10.84745911
1.131775056,0.712768503,-0.488494509,4,2.647600977,0.159585228,insig,no,COG1961,10.53375577,11.02225028
0.924977766,0.711793243,-0.490469856,4,1.819299607,0.283358502,insig,no,COG0642,8.304956042,8.795425899
1.057296013,0.709417459,-0.495293259,4,2.683521398,0.15566091,insig,no,COG3027,12.71114767,13.20644093
1.247990586,0.708123793,-0.497926502,4,3.522198312,0.087038752,insig,no,COG2951,12.2196222,12.71754871
1.269520034,0.707646991,-0.498898242,4,3.151836706,0.112512975,insig,no,COG0620,12.75811928,13.25701753
0.861288863,0.705677731,-0.502918612,5,1.522785837,0.348013256,insig,no,COG3185,12.25839237,12.76131098
0.788218935,0.704591843,-0.505140322,5,1.247282878,0.421240811,insig,no,COG1801,12.76025965,13.26539997
0.845037235,0.703083018,-0.508233046,5,1.605122776,0.328707715,insig,no,COG3696,11.5044854,12.01271845
0.850252323,0.701274518,-0.511948788,5,1.645179454,0.319706625,insig,no,COG1923,12.95689013,13.46883892
0.906001532,0.700501805,-0.513539327,5,1.948176341,0.259143598,insig,no,COG1145,12.96637302,13.47991235
0.773693223,0.700490994,-0.513561592,5,1.126470884,0.458034799,insig,no,COG4977,12.10237735,12.61593894
0.93816517,0.698897953,-0.516846273,5,1.717845185,0.304002442,insig,no,COG2972,11.72905681,12.24590309
0.925015161,0.69872546,-0.517202384,5,1.931350451,0.262183636,insig,no,COG2132,11.61805786,12.13526025
1.293453437,0.698623767,-0.517412371,5,3.517676166,0.087312005,insig,no,COG0783,12.53046208,13.04787445
0.966764632,0.697790074,-0.519135019,5,2.021063658,0.246376463,insig,no,COG1175,10.55976797,11.07890299
0.850954631,0.696777069,-0.521230949,5,1.63707668,0.321507282,insig,no,COG5001,10.1110577,10.63228865
0.99470307,0.695879339,-0.523090922,5,2.045981126,0.242157715,insig,no,COG1653,10.53206077,11.05515169
0.694928616,0.695244032,-0.52440864,5,1.048161651,0.483583977,insig,no,COG5330,11.87802927,12.40243791
0.796696284,0.694682122,-0.525575125,5,1.545679528,0.342534325,insig,no,COG2440,12.37357958,12.89915471
0.839007603,0.693234198,-0.528585269,5,1.556686907,0.339930824,insig,no,COG4191,9.630589871,10.15917514
0.754686643,0.69289287,-0.529295784,5,1.221388559,0.428869743,insig,no,COG1764,12.20826258,12.73755837
0.775887321,0.692271877,-0.530589354,5,1.322301761,0.399896411,insig,no,COG0784,9.196821866,9.72741122
0.956476894,0.690839826,-0.53357684,5,1.857891558,0.275879171,insig,no,COG0395,10.626256,11.15983284
1.210107345,0.690758948,-0.533745749,5,3.399982483,0.094733436,insig,no,COG3572,12.29891065,12.83265639
0.786646056,0.690623718,-0.534028213,5,1.389335525,0.381740583,insig,no,COG1206,12.8282346,13.36226281
0.823586563,0.690526258,-0.534231819,5,1.517285033,0.349342717,insig,no,COG0693,11.78279916,12.31703098
0.765247557,0.687345772,-0.540892059,5,1.509949246,0.351123571,insig,no,COG2111,12.26373462,12.80462668
0.979132526,0.685855324,-0.544023812,5,2.19043881,0.219084783,insig,no,COG4301,12.85780188,13.40182569
1.342147134,0.685722487,-0.544303261,5,3.201758046,0.108686296,insig,no,COG1238,12.57024586,13.11454912
1.290725742,0.685594678,-0.544572184,5,3.463088281,0.090678964,insig,no,COG1511,12.6961938,13.24076599
0.749037053,0.684819674,-0.546203946,5,1.214913641,0.430798867,insig,no,COG2200,11.45887529,12.00507924
0.976403679,0.684274983,-0.547351892,5,1.947380255,0.259286634,insig,no,COG1793,11.24382758,11.79117947
0.965955096,0.681768409,-0.552646344,5,1.922120661,0.26386636,insig,no,COG3103,12.62787365,13.18052
0.870544023,0.680460873,-0.555415886,5,1.707204328,0.306252956,insig,no,COG2199,9.718486957,10.27390284
0.895834187,0.67784571,-0.560971168,5,1.711678718,0.305304611,insig,no,COG1522,10.38069829,10.94166946
0.96508769,0.677779215,-0.5611127,5,1.860330433,0.275413192,insig,no,COG1432,12.36019968,12.92131238
1.021402685,0.676275834,-0.564316294,5,1.914983914,0.265174892,insig,no,COG0234,10.70020817,11.26452446
0.787196214,0.672660568,-0.572049407,5,1.356879441,0.390425871,insig,no,COG2321,12.93650245,13.50855185
0.879214874,0.671273169,-0.575028117,5,1.766739252,0.293872191,insig,no,COG1294,12.26837341,12.84340153
0.863832145,0.670755388,-0.576141356,5,1.703339481,0.307074479,insig,no,COG2388,12.45186105,13.0280024
1.007502692,0.670704597,-0.576250604,5,2.143256816,0.226368196,insig,no,COG0656,12.30469873,12.88094934
0.921555791,0.670054576,-0.577649486,5,1.667351063,0.314830875,insig,no,COG3279,11.29543049,11.87307997
0.850676084,0.669396002,-0.57906816,5,1.46678263,0.361788228,insig,no,COG2355,12.5704038,13.14947196
0.818239664,0.669145364,-0.579608441,5,1.459650821,0.363581117,insig,no,COG2193,12.97436435,13.55397279
0.949392348,0.669069125,-0.579772823,5,1.946707572,0.25940756,insig,no,COG1335,11.71967152,12.29944434
1.743617422,0.668792385,-0.580369675,5,6.516651389,0.010921756,insig,no,COG3677,12.63437532,13.21474499
1.285820879,0.664947621,-0.588687394,5,3.723053781,0.075726718,insig,no,COG5360,12.49433084,13.08301823
0.878507629,0.664445984,-0.589776174,5,1.48009324,0.358465644,insig,no,COG3451,12.59232249,13.18209866
0.812841148,0.663607073,-0.591598832,5,1.274701836,0.41331057,insig,no,COG3378,12.33643046,12.92802929
0.832922089,0.662175293,-0.594714912,5,1.441862664,0.368091754,insig,no,COG5653,12.60847597,13.20319088
1.206785449,0.661977956,-0.595144919,5,3.400608889,0.094692312,insig,no,COG4567,12.65985157,13.25499649
0.860908422,0.661358239,-0.596496145,5,1.540516349,0.343762398,insig,no,COG3693,12.80354124,13.40003739
0.879589046,0.65573954,-0.608805206,5,1.563426694,0.338346485,insig,no,COG3595,12.75418093,13.36298613
0.809126842,0.654212888,-0.612167915,5,1.327163537,0.398551058,insig,no,COG3577,12.20139193,12.81355984
0.853304442,0.653179556,-0.614448459,5,1.50395012,0.35258668,insig,no,COG2169,12.84183739,13.45628585
0.868021483,0.653157104,-0.614498049,5,1.599267576,0.330044491,insig,no,COG2986,12.6256564,13.24015445
1.59033992,0.652398468,-0.616174701,5,5.362476951,0.024307125,insig,no,COG4651,12.45477863,13.07095333
1.473328398,0.652173534,-0.6166722,5,4.948519571,0.032385244,insig,no,COG3751,12.09076925,12.70744145
1.147559036,0.652035882,-0.616976736,5,2.759391969,0.147686313,insig,no,COG2223,12.4004866,13.01746333
1.116764641,0.648341066,-0.625175139,5,2.893305771,0.134594767,insig,no,COG5467,12.97511458,13.60028972
0.870500258,0.647315881,-0.627458197,5,1.473376612,0.360138412,insig,no,COG3324,12.9449301,13.57238829
0.934897313,0.645173933,-0.632239945,5,1.921831145,0.263919317,insig,no,COG1271,11.90212121,12.53436115
0.861955467,0.643949602,-0.634980312,5,1.735386173,0.300328611,insig,no,COG4566,12.17502159,12.8100019
0.924259852,0.642945006,-0.637232752,5,1.566459763,0.337635905,insig,no,COG3712,12.06441341,12.70164616
1.266844596,0.642365137,-0.638534498,5,3.679505384,0.078047413,insig,no,COG3820,12.93956609,13.57810059
0.825803444,0.642311645,-0.638654642,5,1.491527572,0.355635791,insig,no,COG2902,12.10684526,12.7454999
0.847217822,0.639949637,-0.643969724,5,1.56172276,0.338746334,insig,no,COG3508,12.96016297,13.60413269
0.873153539,0.638039426,-0.648282521,5,1.620698091,0.325178079,insig,no,COG1220,12.66172937,13.31001189
0.799310769,0.637000706,-0.650633123,5,1.424475582,0.372554764,insig,no,COG3735,12.45258059,13.10321371
0.814376361,0.636652194,-0.651422658,5,1.509414267,0.351253799,insig,no,COG3605,12.75432446,13.40574712
0.888988203,0.63633327,-0.652145542,5,1.604213374,0.328914981,insig,no,COG2188,12.18773589,12.83988143
0.923713478,0.635036181,-0.655089303,5,1.781099569,0.290961552,insig,no,COG0840,10.0407948,10.69588411
1.318759175,0.634309306,-0.656741587,5,4.026334863,0.061369479,insig,no,COG3807,12.94928226,13.60602385
0.785446083,0.632911247,-0.659924889,5,1.451028213,0.365760652,insig,no,COG3134,12.80469687,13.46462176
0.970137429,0.632553139,-0.660741414,5,1.920800056,0.264108007,insig,no,COG1846,9.828932482,10.4896739
1.317711743,0.632440803,-0.660997646,5,3.692165141,0.077365537,insig,no,COG5373,12.42294977,13.08394741
1.385196299,0.630122601,-0.666295538,5,4.405848494,0.047174515,insig,no,COG4547,12.29338465,12.95968019
0.946621323,0.62985341,-0.666911996,5,1.645559964,0.319622314,insig,no,COG4219,12.98319199,13.65010399
0.867667907,0.629210323,-0.668385755,5,1.567220217,0.337457982,insig,no,COG1533,12.84606955,13.51445531
1.701299781,0.627026101,-0.673402596,5,6.881493049,0.008481334,insig,no,COG1983,12.85026942,13.52367202
0.901689304,0.624190897,-0.679940778,5,1.685483301,0.310898745,insig,no,COG3387,11.87676567,12.55670644
0.919504323,0.623584104,-0.681343944,5,1.631698356,0.322708089,insig,no,COG5525,12.79792901,13.47927296
0.909128713,0.621792922,-0.6854939,5,1.560182105,0.339108275,insig,no,COG2207,10.15050464,10.83599854
0.983483975,0.621564778,-0.686023343,5,1.905704066,0.266886074,insig,no,COG0863,11.51995674,12.20598009
1.586220376,0.617704122,-0.695012136,5,5.525866708,0.021704429,insig,no,COG2225,11.86094525,12.55595739
1.144453174,0.615907645,-0.699214059,5,2.750580093,0.14859113,insig,no,COG3038,12.30422584,13.0034399
0.935062418,0.6136307,-0.704557431,5,1.82509137,0.282223227,insig,no,COG1295,11.8956445,12.60020193
0.909599559,0.611718683,-0.709059757,5,1.741605722,0.299036663,insig,no,COG2987,12.61129511,13.32035487
0.9061526,0.611085875,-0.710552961,5,1.657975054,0.31688361,insig,no,COG2771,12.71417886,13.42473182
0.980029546,0.610946578,-0.710881861,5,1.936025164,0.261335467,insig,no,COG3795,12.60616237,13.31704423
0.772818611,0.610897279,-0.71099828,5,1.182809347,0.440492895,insig,no,COG1172,11.28003821,11.99103649
0.977909905,0.608352426,-0.717020758,5,2.052505935,0.241064993,insig,no,COG3975,12.25665178,12.97367254
0.870929645,0.60764046,-0.71871016,5,1.688585952,0.310230847,insig,no,COG1393,11.7716256,12.49033576
1.42337672,0.60220296,-0.731678295,5,4.568969282,0.042131139,insig,no,COG3800,12.1059203,12.83759859
0.917093982,0.594375568,-0.750553281,5,1.842442643,0.278849262,insig,no,COG0627,12.47082601,13.22137929
1.391269893,0.590770144,-0.759331177,5,4.481110868,0.04477661,insig,no,COG1384,12.32105305,13.08038423
1.187541457,0.590607351,-0.759728781,5,2.93006105,0.131209033,insig,no,COG1937,12.47181074,13.23153952
1.015262456,0.590467473,-0.760070507,5,2.175132858,0.221421488,insig,no,COG3507,12.50020469,13.2602752
0.874896754,0.585352544,-0.772622309,5,1.565650563,0.337825336,insig,no,COG3655,12.56273563,13.33535794
0.997251945,0.582137847,-0.780567279,5,2.049520953,0.24156428,insig,no,COG0583,8.964872934,9.745440212
0.999754008,0.581355372,-0.782507768,5,1.961768249,0.256713621,insig,no,COG0262,11.6583912,12.44089897
1.063176151,0.577840449,-0.791256899,5,2.261208247,0.208597208,insig,no,COG1607,12.61679049,13.40804739
1.030666424,0.571301323,-0.807676223,5,2.17230295,0.221856242,insig,no,COG2852,11.53581938,12.34349561
0.968846685,0.562227578,-0.830773872,5,2.032984471,0.244349072,insig,no,COG3920,10.52059493,11.3513688
1.176044859,0.562027209,-0.83128812,5,2.969755858,0.127648115,insig,no,COG3544,11.39572245,12.22701057
0.880211935,0.561243835,-0.833300401,5,1.588439846,0.332530863,insig,no,COG1129,11.17389388,12.00719428
1.172999683,0.558957917,-0.839188426,5,2.881883912,0.135664587,insig,no,COG1167,11.88724768,12.72643611
1.028413446,0.557608402,-0.842675795,5,2.237574668,0.212042496,insig,no,COG0655,12.42247134,13.26514713
0.904560339,0.557516415,-0.842913811,5,1.81791564,0.283630456,insig,no,COG4230,12.2568763,13.09979011
0.990021781,0.55571302,-0.847588052,5,1.959566771,0.257105652,insig,no,COG3505,12.33025833,13.17784638
1.551884178,0.555694613,-0.847635841,5,5.673418093,0.019594355,insig,no,COG1770,11.8793342,12.72697004
1.511471507,0.54658128,-0.871492045,5,5.291643994,0.02553033,insig,no,COG2224,12.00635478,12.87784682
1.573327224,0.544391363,-0.877283918,5,5.291099296,0.025539971,insig,no,COG4227,12.74028427,13.61756819
0.863335654,0.541626542,-0.884629657,5,1.678238665,0.312463881,insig,no,COG5455,12.73149586,13.61612552
0.836552418,0.536880807,-0.897326265,5,1.39015729,0.381523204,insig,no,COG1879,11.46188768,12.35921395
0.891749228,0.535746627,-0.900377233,5,1.586050702,0.333082,insig,no,COG3791,11.79182385,12.69220108
0.879313738,0.532972734,-0.907866366,5,1.576629133,0.335264322,insig,no,COG1802,11.28225274,12.19011911
1.01399045,0.530319647,-0.915065898,5,2.109359408,0.231749895,insig,no,COG1695,11.69752429,12.61259019
1.37361538,0.526002962,-0.926857172,5,3.746193167,0.074521826,insig,no,COG2076,11.88767511,12.81453228
0.998053642,0.522250178,-0.937187017,5,1.950929665,0.258649505,insig,no,COG3832,11.03194821,11.96913523
1.037762511,0.514451061,-0.958894252,5,2.188840273,0.219327669,insig,no,COG4993,12.31441998,13.27331423
1.122276814,0.507974377,-0.977172367,5,2.548059299,0.170984885,insig,no,COG4251,11.0110984,11.98827076
1.734448389,0.506652738,-0.980930837,5,7.370135487,0.006044608,insig,no,COG5352,12.38869456,13.3696254
1.035311533,0.495345746,-1.013492234,5,2.174687223,0.221489894,insig,no,COG2261,12.64331522,13.65680746
1.289690246,0.482481567,-1.051454269,5,3.618027395,0.08144515,insig,no,COG3773,12.09276804,13.14422231
1.250887939,0.480850979,-1.056338239,5,3.08181619,0.118108427,insig,no,COG0025,12.28429004,13.34062828
1.13365733,0.47234763,-1.082079076,5,2.596096659,0.165385349,insig,no,COG0431,11.75923308,12.84131215
0.99919809,0.470742894,-1.086988779,5,2.096728448,0.2337878,insig,no,COG3182,11.93687911,13.02386789
1.041697625,0.433697061,-1.20524043,5,2.193900089,0.21855979,insig,no,COG2989,12.70396033,13.90920076
1.029838653,0.433574531,-1.205648083,5,2.131791727,0.22817431,insig,no,COG3237,12.52982889,13.73547698
1.62387577,0.427066835,-1.227466229,5,5.451436567,0.022853571,down,sig,COG5342,12.71358761,13.94105384
1.07670197,0.416365006,-1.264079275,5,2.305364838,0.202309386,insig,no,COG1733,11.41205654,12.67613582
1.153330823,0.408613346,-1.291191769,5,2.731135332,0.150607411,insig,no,COG1230,11.60178479,12.89297655
1.403665297,0.408042528,-1.293208571,5,3.717699223,0.0760083,insig,no,COG4675,12.39529648,13.68850505
0.820292678,0.405573948,-1.301963113,5,1.465411446,0.362132246,insig,no,COG0629,9.783892746,11.08585586
1.077045052,0.391123168,-1.354305098,5,2.337171266,0.197897972,insig,no,COG5278,12.54229948,13.89660458
1.060115931,0.383322297,-1.383370175,5,2.207344495,0.216532503,insig,no,COG2764,12.68722567,14.07059584
1.305139053,0.378082934,-1.403225365,5,3.041375403,0.121466013,insig,no,COG3772,11.83421798,13.23744334
1.840648907,0.375670333,-1.412460905,5,7.931689194,0.004095658,down,sig,COG4653,12.33353841,13.74599931
1.474063405,0.359666902,-1.475266691,5,3.962073513,0.064164827,insig,no,COG3108,11.75211325,13.22737994
1.094745573,0.314812653,-1.667434566,5,2.1939627,0.218550306,insig,no,COG5410,11.94519177,13.61262633
1.300656961,0.303046051,-1.722391054,5,2.932241083,0.131010915,insig,no,COG1783,12.21640002,13.93879108
1.741986935,0.286796555,-1.801900399,5,5.890460378,0.016857561,down,sig,COG3740,12.20786531,14.00976571
1.692449179,0.280459956,-1.834133299,5,5.238328261,0.026491471,down,sig,COG4695,11.8407416,13.6748749
1.121110703,0.279326424,-1.839976036,5,2.304773031,0.202392393,insig,no,COG5362,11.82058526,13.6605613
1.656993937,0.23797432,-2.071122194,5,5.284970599,0.025648698,down,sig,COG5323,12.00966695,14.08078914
1.369317281,0.175499487,-2.51046128,5,3.105995141,0.116145475,insig,no,COG4626,12.02777347,14.53823475
